,Survived,Pclass,Age,SibSp,Parch,Fare,HasTitle,Sex_female,Sex_male,CabinType_A,CabinType_B,CabinType_C,CabinType_D,CabinType_E,CabinType_F,CabinType_G,CabinType_NaN,CabinType_T,Embarked_C,Embarked_Q,Embarked_S
0,0,1.0,0.2711736617240513,0.125,0.0,0.014151057562208049,0,0,1,0,0,0,0,0,0,0,1,0,0,0,1
1,1,0.0,0.4722292033174164,0.125,0.0,0.13913573538264068,0,1,0,0,0,1,0,0,0,0,0,0,1,0,0
2,1,1.0,0.32143754712239253,0.0,0.0,0.015468569817999833,0,1,0,0,0,0,0,0,0,0,1,0,0,0,1
3,1,0.0,0.43453128926866047,0.125,0.0,0.10364429745562033,0,1,0,0,0,1,0,0,0,0,0,0,0,0,1
4,0,1.0,0.43453128926866047,0.0,0.0,0.015712553569072387,0,0,1,0,0,0,0,0,0,0,1,0,0,0,1
5,0,1.0,0.36792055349407915,0.0,0.0,0.01650950209357577,0,0,1,0,0,0,0,0,0,0,1,0,0,1,0
6,0,0.0,0.6732847449107816,0.0,0.0,0.10122885832000206,0,0,1,0,0,0,0,1,0,0,0,0,0,0,1
7,0,1.0,0.01985423473234481,0.375,0.16666666666666666,0.04113566043083236,1,0,1,0,0,0,0,0,0,0,1,0,0,0,1
8,1,1.0,0.33400351847197784,0.0,0.3333333333333333,0.021730754366528396,0,1,0,0,0,0,0,0,0,0,1,0,0,0,1
9,1,0.5,0.17064589092736868,0.125,0.0,0.058694292654020104,0,1,0,0,0,0,0,0,0,0,1,0,1,0,0
10,1,1.0,0.04498617743151546,0.125,0.16666666666666666,0.03259622914329302,0,1,0,0,0,0,0,0,0,1,0,0,0,0,1
11,1,0.0,0.7235486303091229,0.0,0.0,0.051822148727810165,0,1,0,0,0,1,0,0,0,0,0,0,0,0,1
12,0,1.0,0.24604171902488062,0.0,0.0,0.015712553569072387,0,0,1,0,0,0,0,0,0,0,1,0,0,0,1
13,0,1.0,0.4847951746670017,0.125,0.8333333333333334,0.06104473451835265,0,0,1,0,0,0,0,0,0,0,1,0,0,0,1
14,0,1.0,0.17064589092736868,0.0,0.0,0.015330377421392339,0,1,0,0,0,0,0,0,0,0,1,0,0,0,1
15,1,0.5,0.6858507162603669,0.0,0.0,0.03122992013728673,0,1,0,0,0,0,0,0,0,0,1,0,0,0,1
16,0,1.0,0.01985423473234481,0.5,0.16666666666666666,0.056848213999904744,1,0,1,0,0,0,0,0,0,0,1,0,0,1,0
17,1,0.5,0.36792055349407915,0.0,0.0,0.025374310111545468,0,0,1,0,0,0,0,0,0,0,1,0,0,0,1
18,0,1.0,0.38426740387031916,0.125,0.0,0.03513366015444757,0,1,0,0,0,0,0,0,0,0,1,0,0,0,1
19,1,1.0,0.36792055349407915,0.0,0.0,0.014102260811993537,0,1,0,0,0,0,0,0,0,0,1,0,1,0,0
20,0,0.5,0.43453128926866047,0.0,0.0,0.050748620223090936,0,0,1,0,0,0,0,0,0,0,1,0,0,0,1
21,1,0.5,0.42196531791907516,0.0,0.0,0.025374310111545468,0,0,1,0,0,0,1,0,0,0,0,0,0,0,1
22,1,1.0,0.18321186227695402,0.0,0.0,0.015671954672893913,0,1,0,0,0,0,0,0,0,0,1,0,0,1,0
23,1,0.0,0.3465694898215632,0.0,0.0,0.06929138530460492,0,0,1,1,0,0,0,0,0,0,0,0,0,0,1
24,0,1.0,0.09525006282985675,0.375,0.16666666666666666,0.04113566043083236,0,1,0,0,0,0,0,0,0,0,1,0,0,0,1
25,1,1.0,0.4722292033174164,0.125,0.8333333333333334,0.061264319894317944,0,1,0,0,0,0,0,0,0,0,1,0,0,0,1
26,0,1.0,0.36792055349407915,0.0,0.0,0.014102260811993537,0,0,1,0,0,0,0,0,0,0,1,0,1,0,0
27,0,0.0,0.23347574767529528,0.375,0.3333333333333333,0.5133418122566505,0,0,1,0,0,1,0,0,0,0,0,0,0,0,1
28,1,1.0,0.36792055349407915,0.0,0.0,0.01537917417160685,0,1,0,0,0,0,0,0,0,0,1,0,0,1,0
29,0,1.0,0.36792055349407915,0.0,0.0,0.015411575213749284,0,0,1,0,0,0,0,0,0,0,1,0,0,0,1
30,0,0.0,0.4973611460165871,0.0,0.0,0.05410739813385612,1,0,1,0,0,0,0,0,0,0,1,0,1,0,0
31,1,0.0,0.36792055349407915,0.125,0.0,0.2859895551532101,0,1,0,0,1,0,0,0,0,0,0,0,1,0,0
32,1,1.0,0.36792055349407915,0.0,0.0,0.015126992566498259,0,1,0,0,0,0,0,0,0,0,1,0,0,1,0
33,0,0.5,0.8240764011058055,0.0,0.0,0.020494635090094415,0,0,1,0,0,0,0,0,0,0,1,0,0,0,1
34,0,0.0,0.3465694898215632,0.125,0.0,0.16038672010106,0,0,1,0,0,0,0,0,0,0,1,0,1,0,0
35,0,0.0,0.5224930887157577,0.125,0.0,0.10149724044618187,0,0,1,0,0,0,0,0,0,0,1,0,0,0,1
36,1,1.0,0.36792055349407915,0.0,0.0,0.014110458666029575,0,0,1,0,0,0,0,0,0,0,1,0,1,0,0
37,0,1.0,0.2586076903744659,0.0,0.0,0.015712553569072387,0,0,1,0,0,0,0,0,0,0,1,0,0,0,1
38,0,1.0,0.22090977632570996,0.25,0.0,0.03513366015444757,0,1,0,0,0,0,0,0,0,0,1,0,0,0,1
39,1,1.0,0.17064589092736868,0.125,0.0,0.021942337075458514,0,1,0,0,0,0,0,0,0,0,1,0,1,0,0
40,0,1.0,0.4973611460165871,0.125,0.0,0.018493968331299484,0,1,0,0,0,0,0,0,0,0,1,0,0,0,1
41,0,0.5,0.33400351847197784,0.125,0.0,0.04098927018018883,0,1,0,0,0,0,0,0,0,0,1,0,0,0,1
42,0,1.0,0.36792055349407915,0.0,0.0,0.015411575213749284,0,0,1,0,0,0,0,0,0,0,1,0,1,0,0
43,1,0.5,0.032420206081930136,0.125,0.3333333333333333,0.08115719346076702,0,1,0,0,0,0,0,0,0,0,1,0,1,0,0
44,1,1.0,0.23347574767529528,0.0,0.0,0.01537917417160685,0,1,0,0,0,0,0,0,0,0,1,0,0,1,0
45,0,1.0,0.36792055349407915,0.0,0.0,0.015712553569072387,0,0,1,0,0,0,0,0,0,0,1,0,0,0,1
46,0,1.0,0.36792055349407915,0.125,0.0,0.030253985132996517,0,0,1,0,0,0,0,0,0,0,1,0,0,1,0
47,1,1.0,0.36792055349407915,0.0,0.0,0.015126992566498259,0,1,0,0,0,0,0,0,0,0,1,0,0,1,0
48,0,1.0,0.36792055349407915,0.25,0.0,0.04231498029001666,0,0,1,0,0,0,0,0,0,0,1,0,1,0,0
49,0,1.0,0.22090977632570996,0.125,0.0,0.034743286152731485,0,1,0,0,0,0,0,0,0,0,1,0,0,0,1
50,0,1.0,0.08268409148027142,0.5,0.16666666666666666,0.07746484096553544,1,0,1,0,0,0,0,0,0,0,1,0,0,0,1
51,0,1.0,0.2586076903744659,0.0,0.0,0.01522458606692728,0,0,1,0,0,0,0,0,0,0,1,0,0,0,1
52,1,0.0,0.610454888162855,0.125,0.0,0.1497654242623688,0,1,0,0,0,0,1,0,0,0,0,0,1,0,0
53,1,0.5,0.35913546117114853,0.125,0.0,0.050748620223090936,0,1,0,0,0,0,0,0,0,0,1,0,0,0,1
54,0,0.0,0.8115104297562201,0.0,0.16666666666666666,0.1209753416358076,0,0,1,0,1,0,0,0,0,0,0,0,1,0,0
55,1,0.0,0.36792055349407915,0.0,0.0,0.06929138530460492,0,0,1,0,0,1,0,0,0,0,0,0,0,0,1
56,1,0.5,0.2586076903744659,0.0,0.0,0.020494635090094415,0,1,0,0,0,0,0,0,0,0,1,0,0,0,1
57,0,1.0,0.35285247549635584,0.0,0.0,0.014110458666029575,0,0,1,0,0,0,0,0,0,0,1,0,1,0,0
58,1,0.5,0.05755214878110078,0.125,0.3333333333333333,0.05416439273810667,0,1,0,0,0,0,0,0,0,0,1,0,0,0,1
59,0,1.0,0.13294797687861273,0.625,0.3333333333333333,0.09154270340242172,1,0,1,0,0,0,0,0,0,0,1,0,0,0,1
60,0,1.0,0.2711736617240513,0.0,0.0,0.014110458666029575,0,0,1,0,0,0,0,0,0,0,1,0,1,0,0
61,1,0.0,0.4722292033174164,0.0,0.0,0.15614960068643363,0,1,0,0,1,0,0,0,0,0,0,0,0,0,1
62,0,0.0,0.5601910027645137,0.125,0.0,0.16293234896625058,0,0,1,0,0,1,0,0,0,0,0,0,0,0,1
63,0,1.0,0.04498617743151546,0.375,0.3333333333333333,0.05445717323939373,1,0,1,0,0,0,0,0,0,0,1,0,0,0,1
64,0,0.0,0.36792055349407915,0.0,0.0,0.05410739813385612,0,0,1,0,0,0,0,0,0,0,1,0,1,0,0
65,1,1.0,0.36792055349407915,0.125,0.16666666666666666,0.029757819776815374,1,0,1,0,0,0,0,0,0,0,1,0,1,0,0
66,1,0.5,0.35913546117114853,0.0,0.0,0.020494635090094415,0,1,0,0,0,0,0,0,1,0,0,0,0,0,1
67,0,1.0,0.23347574767529528,0.0,0.0,0.015923941091001644,0,0,1,0,0,0,0,0,0,0,1,0,0,0,1
68,1,1.0,0.20834380497612465,0.5,0.3333333333333333,0.015468569817999833,0,1,0,0,0,0,0,0,0,0,1,0,0,0,1
69,0,1.0,0.32143754712239253,0.25,0.0,0.016908073949327893,0,0,1,0,0,0,0,0,0,0,1,0,0,0,1
70,0,0.5,0.39683337521990447,0.0,0.0,0.020494635090094415,0,0,1,0,0,0,0,0,0,0,1,0,0,0,1
71,0,1.0,0.19577783362653933,0.625,0.3333333333333333,0.09154270340242172,0,1,0,0,0,0,0,0,0,0,1,0,0,0,1
72,0,0.5,0.2586076903744659,0.0,0.0,0.1434624456306609,0,0,1,0,0,0,0,0,0,0,1,0,0,0,1
73,0,1.0,0.32143754712239253,0.125,0.0,0.028212719478023115,0,0,1,0,0,0,0,0,0,0,1,0,1,0,0
74,1,1.0,0.39683337521990447,0.0,0.0,0.11027245763075773,0,0,1,0,0,0,0,0,0,0,1,0,0,0,1
75,0,1.0,0.3088715757728072,0.0,0.0,0.014931805565640218,0,0,1,0,0,0,0,0,1,0,0,0,0,0,1
76,0,1.0,0.36792055349407915,0.0,0.0,0.015411575213749284,0,0,1,0,0,0,0,0,0,0,1,0,0,0,1
77,0,1.0,0.36792055349407915,0.0,0.0,0.015712553569072387,0,0,1,0,0,0,0,0,0,0,1,0,0,0,1
78,1,0.5,0.005152048253329982,0.0,0.3333333333333333,0.056604230248832196,1,0,1,0,0,0,0,0,0,0,1,0,0,0,1
79,1,1.0,0.37170143252073384,0.0,0.0,0.024349578357040744,0,1,0,0,0,0,0,0,0,0,1,0,0,0,1
80,0,1.0,0.2711736617240513,0.0,0.0,0.017566830077223785,0,0,1,0,0,0,0,0,0,0,1,0,0,0,1
81,1,1.0,0.35913546117114853,0.0,0.0,0.018542765081513996,0,0,1,0,0,0,0,0,0,0,1,0,0,0,1
82,1,1.0,0.36792055349407915,0.0,0.0,0.015200187691820024,0,1,0,0,0,0,0,0,0,0,1,0,0,1,0
83,0,0.0,0.3465694898215632,0.0,0.0,0.09193307740413781,0,0,1,0,0,0,0,0,0,0,1,0,0,0,1
84,1,0.5,0.20834380497612465,0.0,0.0,0.020494635090094415,0,1,0,0,0,0,0,0,0,0,1,0,0,0,1
85,1,1.0,0.4093993465694898,0.375,0.0,0.030937139635999665,0,1,0,0,0,0,0,0,0,0,1,0,0,0,1
86,0,1.0,0.19577783362653933,0.125,0.5,0.06709553154495196,0,0,1,0,0,0,0,0,0,0,1,0,0,0,1
87,0,1.0,0.36792055349407915,0.0,0.0,0.015712553569072387,0,0,1,0,0,0,0,0,0,0,1,0,0,0,1
88,1,0.0,0.2837396330736366,0.375,0.3333333333333333,0.5133418122566505,0,1,0,0,0,1,0,0,0,0,0,0,0,0,1
89,0,1.0,0.2963056044232219,0.0,0.0,0.015712553569072387,0,0,1,0,0,0,0,0,0,0,1,0,0,0,1
90,0,1.0,0.35913546117114853,0.0,0.0,0.015712553569072387,0,0,1,0,0,0,0,0,0,0,1,0,0,0,1
91,0,1.0,0.24604171902488062,0.0,0.0,0.015330377421392339,0,0,1,0,0,0,0,0,0,0,1,0,0,0,1
92,0,0.0,0.572756974114099,0.125,0.0,0.11940564777490723,0,0,1,0,0,0,0,1,0,0,0,0,0,0,1
93,0,1.0,0.32143754712239253,0.125,0.3333333333333333,0.04015972542654215,0,0,1,0,0,0,0,0,0,0,1,0,0,0,1
94,0,1.0,0.7361146016587082,0.0,0.0,0.014151057562208049,0,0,1,0,0,0,0,0,0,0,1,0,0,0,1
95,0,1.0,0.36792055349407915,0.0,0.0,0.015712553569072387,0,0,1,0,0,0,0,0,0,0,1,0,0,0,1
96,0,0.0,0.8869062578537321,0.0,0.0,0.06764049365134761,0,0,1,1,0,0,0,0,0,0,0,0,1,0,0
97,1,0.0,0.2837396330736366,0.0,0.16666666666666666,0.12366716556464086,0,0,1,0,0,0,1,0,0,0,0,0,1,0,0
98,1,0.5,0.42196531791907516,0.0,0.16666666666666666,0.04489301019734967,0,1,0,0,0,0,0,0,0,0,1,0,0,0,1
99,0,0.5,0.42196531791907516,0.125,0.0,0.050748620223090936,0,0,1,0,0,0,0,0,0,0,1,0,0,0,1
100,0,1.0,0.3465694898215632,0.0,0.0,0.015411575213749284,0,1,0,0,0,0,0,0,0,0,1,0,0,0,1
101,0,1.0,0.36792055349407915,0.0,0.0,0.015411575213749284,0,0,1,0,0,0,0,0,0,0,1,0,0,0,1
102,0,0.0,0.2586076903744659,0.0,0.16666666666666666,0.15085515328815924,0,0,1,0,0,0,1,0,0,0,0,0,0,0,1
103,0,1.0,0.4093993465694898,0.0,0.0,0.016891873428256675,0,0,1,0,0,0,0,0,0,0,1,0,0,0,1
104,0,1.0,0.4596632319678311,0.25,0.0,0.015468569817999833,0,0,1,0,0,0,0,0,0,0,1,0,0,0,1
105,0,1.0,0.3465694898215632,0.0,0.0,0.015411575213749284,0,0,1,0,0,0,0,0,0,0,1,0,0,0,1
106,1,1.0,0.2586076903744659,0.0,0.0,0.014931805565640218,0,1,0,0,0,0,0,0,0,0,1,0,0,0,1
107,1,1.0,0.36792055349407915,0.0,0.0,0.015175789316712771,0,0,1,0,0,0,0,0,0,0,1,0,0,0,1
108,0,1.0,0.4722292033174164,0.0,0.0,0.015411575213749284,0,0,1,0,0,0,0,0,0,0,1,0,0,0,1
109,1,1.0,0.36792055349407915,0.125,0.0,0.04713766070721715,0,1,0,0,0,0,0,0,0,0,1,0,0,1,0
110,0,0.0,0.5853229454636844,0.0,0.0,0.10149724044618187,0,0,1,0,0,1,0,0,0,0,0,0,0,0,1
111,0,1.0,0.17692887660216136,0.125,0.0,0.028212719478023115,0,1,0,0,0,0,0,0,0,0,1,0,1,0,0
112,0,1.0,0.2711736617240513,0.0,0.0,0.015712553569072387,0,0,1,0,0,0,0,0,0,0,1,0,0,0,1
113,0,1.0,0.24604171902488062,0.125,0.0,0.019177122834302632,0,1,0,0,0,0,0,0,0,0,1,0,0,0,1
114,0,1.0,0.20834380497612465,0.0,0.0,0.028220722145058292,0,1,0,0,0,0,0,0,0,0,1,0,1,0,0
115,0,1.0,0.2586076903744659,0.0,0.0,0.015468569817999833,0,0,1,0,0,0,0,0,0,0,1,0,0,0,1
116,0,1.0,0.8806232721789394,0.0,0.0,0.015126992566498259,0,0,1,0,0,0,0,0,0,0,1,0,0,1,0
117,0,0.5,0.35913546117114853,0.125,0.0,0.04098927018018883,0,0,1,0,0,0,0,0,0,0,1,0,0,0,1
118,0,0.0,0.2963056044232219,0.0,0.16666666666666666,0.4831284260198326,0,0,1,0,1,0,0,0,0,0,0,0,1,0,0
119,0,1.0,0.01985423473234481,0.5,0.3333333333333333,0.06104473451835265,0,1,0,0,0,0,0,0,0,0,1,0,0,0,1
120,0,0.5,0.2586076903744659,0.25,0.0,0.1434624456306609,0,0,1,0,0,0,0,0,0,0,1,0,0,0,1
121,0,1.0,0.36792055349407915,0.0,0.0,0.015712553569072387,0,0,1,0,0,0,0,0,0,0,1,0,0,0,1
122,0,0.5,0.40311636089469716,0.125,0.0,0.058694292654020104,0,0,1,0,0,0,0,0,0,0,1,0,1,0,0
123,1,0.5,0.40311636089469716,0.0,0.0,0.025374310111545468,0,1,0,0,0,0,0,1,0,0,0,0,0,0,1
124,0,0.0,0.6732847449107816,0.0,0.16666666666666666,0.15085515328815924,0,0,1,0,0,0,1,0,0,0,0,0,0,0,1
125,1,1.0,0.14551394822819805,0.125,0.0,0.021942337075458514,1,0,1,0,0,0,0,0,0,0,1,0,1,0,0
126,0,1.0,0.36792055349407915,0.0,0.0,0.015126992566498259,0,0,1,0,0,0,0,0,0,0,1,0,0,1,0
127,1,1.0,0.2963056044232219,0.0,0.0,0.01393967004027879,0,0,1,0,0,0,0,0,0,0,1,0,0,0,1
128,1,1.0,0.36792055349407915,0.125,0.16666666666666666,0.04364049521284361,0,1,0,0,0,0,0,0,1,0,0,0,1,0,0
129,0,1.0,0.5601910027645137,0.0,0.0,0.013614293309848433,0,0,1,0,0,0,0,0,0,0,1,0,0,0,1
130,0,1.0,0.4093993465694898,0.0,0.0,0.015411575213749284,0,0,1,0,0,0,0,0,0,0,1,0,1,0,0
131,0,1.0,0.24604171902488062,0.0,0.0,0.013760683560491965,0,0,1,0,0,0,0,0,0,0,1,0,0,0,1
132,0,1.0,0.5853229454636844,0.125,0.0,0.028302115124416098,0,1,0,0,0,0,0,0,0,0,1,0,0,0,1
133,1,0.5,0.35913546117114853,0.125,0.0,0.050748620223090936,0,1,0,0,0,0,0,0,0,0,1,0,0,0,1
134,0,0.5,0.3088715757728072,0.0,0.0,0.025374310111545468,0,0,1,0,0,0,0,0,0,0,1,0,0,0,1
135,0,0.5,0.2837396330736366,0.0,0.0,0.02936744577509929,0,0,1,0,0,0,0,0,0,0,1,0,1,0,0
136,1,0.0,0.23347574767529528,0.0,0.3333333333333333,0.051301584996521765,0,1,0,0,0,0,1,0,0,0,0,0,0,0,1
137,0,0.0,0.4596632319678311,0.125,0.0,0.10364429745562033,0,0,1,0,0,1,0,0,0,0,0,0,0,0,1
138,0,1.0,0.19577783362653933,0.0,0.0,0.01798980030808316,0,0,1,0,0,0,0,0,0,0,1,0,0,0,1
139,0,0.0,0.2963056044232219,0.0,0.0,0.15458810467956932,0,0,1,0,1,0,0,0,0,0,0,0,1,0,0
140,0,1.0,0.36792055349407915,0.0,0.3333333333333333,0.029757819776815374,0,1,0,0,0,0,0,0,0,0,1,0,1,0,0
141,1,1.0,0.2711736617240513,0.0,0.0,0.015126992566498259,0,1,0,0,0,0,0,0,0,0,1,0,0,0,1
142,1,1.0,0.2963056044232219,0.125,0.0,0.030937139635999665,0,1,0,0,0,0,0,0,0,0,1,0,0,0,1
143,0,1.0,0.23347574767529528,0.0,0.0,0.013175122557917838,0,0,1,0,0,0,0,0,0,0,1,0,0,1,0
144,0,0.5,0.22090977632570996,0.0,0.0,0.022446505098674834,0,0,1,0,0,0,0,0,0,0,1,0,0,0,1
145,0,0.5,0.23347574767529528,0.125,0.16666666666666666,0.07173122281533045,0,0,1,0,0,0,0,0,0,0,1,0,0,0,1
146,1,1.0,0.33400351847197784,0.0,0.0,0.015216388212891242,0,0,1,0,0,0,0,0,0,0,1,0,0,0,1
147,0,1.0,0.10781603417944208,0.25,0.3333333333333333,0.06709553154495196,0,1,0,0,0,0,0,0,0,0,1,0,0,0,1
148,0,0.5,0.4533802462930384,0.0,0.3333333333333333,0.050748620223090936,0,0,1,0,0,0,0,0,1,0,0,0,0,0,1
149,0,0.5,0.5224930887157577,0.0,0.0,0.025374310111545468,1,0,1,0,0,0,0,0,0,0,1,0,0,0,1
150,0,0.5,0.6355868308620256,0.0,0.0,0.02444717185746977,1,0,1,0,0,0,0,0,0,0,1,0,0,0,1
151,1,0.0,0.2711736617240513,0.125,0.0,0.12999454257145598,0,1,0,0,0,1,0,0,0,0,0,0,0,0,1
152,0,1.0,0.6921337019351596,0.0,0.0,0.015712553569072387,0,0,1,0,0,0,0,0,0,0,1,0,0,0,1
153,0,1.0,0.5036441316913798,0.0,0.3333333333333333,0.028302115124416098,0,0,1,0,0,0,0,0,0,0,1,0,0,0,1
154,0,1.0,0.36792055349407915,0.0,0.0,0.014273049437744325,0,0,1,0,0,0,0,0,0,0,1,0,0,0,1
155,0,0.0,0.6355868308620256,0.0,0.16666666666666666,0.11980421963065935,0,0,1,0,0,0,0,0,0,0,1,0,1,0,0
156,1,1.0,0.19577783362653933,0.0,0.0,0.015094396337354966,0,1,0,0,0,0,0,0,0,0,1,0,0,1,0
157,0,1.0,0.37170143252073384,0.0,0.0,0.015712553569072387,0,0,1,0,0,0,0,0,0,0,1,0,0,0,1
158,0,1.0,0.36792055349407915,0.0,0.0,0.016908073949327893,0,0,1,0,0,0,0,0,0,0,1,0,0,0,1
159,0,1.0,0.36792055349407915,1.0,0.3333333333333333,0.13575255909676823,1,0,1,0,0,0,0,0,0,0,1,0,0,0,1
160,0,1.0,0.5476250314149284,0.0,0.16666666666666666,0.031425107138144774,0,0,1,0,0,0,0,0,0,0,1,0,0,0,1
161,1,0.5,0.4973611460165871,0.0,0.0,0.030741952635141623,0,1,0,0,0,0,0,0,0,0,1,0,0,0,1
162,0,1.0,0.32143754712239253,0.0,0.0,0.015175789316712771,0,0,1,0,0,0,0,0,0,0,1,0,0,0,1
163,0,1.0,0.20834380497612465,0.0,0.0,0.016908073949327893,0,0,1,0,0,0,0,0,0,0,1,0,0,0,1
164,0,1.0,0.007288263382759489,0.5,0.16666666666666666,0.07746484096553544,1,0,1,0,0,0,0,0,0,0,1,0,0,0,1
165,1,1.0,0.10781603417944208,0.0,0.3333333333333333,0.04006213192611313,1,0,1,0,0,0,0,0,0,0,1,0,0,0,1
166,1,0.0,0.36792055349407915,0.0,0.16666666666666666,0.10735285047192313,0,1,0,0,0,0,0,1,0,0,0,0,0,0,1
167,0,1.0,0.5601910027645137,0.125,0.6666666666666666,0.05445717323939373,0,1,0,0,0,0,0,0,0,0,1,0,0,0,1
168,0,0.0,0.36792055349407915,0.0,0.0,0.050602229972447406,0,0,1,0,0,0,0,0,0,0,1,0,0,0,1
169,0,1.0,0.3465694898215632,0.0,0.0,0.11027245763075773,0,0,1,0,0,0,0,0,0,0,1,0,0,0,1
170,0,0.0,0.7612465443578789,0.0,0.0,0.06538764528744409,0,0,1,0,1,0,0,0,0,0,0,0,0,0,1
171,0,1.0,0.04498617743151546,0.5,0.16666666666666666,0.056848213999904744,1,0,1,0,0,0,0,0,0,0,1,0,0,1,0
172,1,1.0,0.007288263382759489,0.125,0.16666666666666666,0.021730754366528396,0,1,0,0,0,0,0,0,0,0,1,0,0,0,1
173,0,1.0,0.2586076903744659,0.0,0.0,0.015468569817999833,0,0,1,0,0,0,0,0,0,0,1,0,0,0,1
174,0,0.0,0.6984166876099522,0.0,0.0,0.05991421140938287,0,0,1,1,0,0,0,0,0,0,0,0,1,0,0
175,0,1.0,0.22090977632570996,0.125,0.16666666666666666,0.015330377421392339,0,0,1,0,0,0,0,0,0,0,1,0,0,0,1
176,0,1.0,0.36792055349407915,0.375,0.16666666666666666,0.04970768794751499,1,0,1,0,0,0,0,0,0,0,1,0,0,0,1
177,0,0.0,0.6230208595124404,0.0,0.0,0.05604306762136532,0,1,0,0,0,1,0,0,0,0,0,0,1,0,0
178,0,0.5,0.37170143252073384,0.0,0.0,0.025374310111545468,0,0,1,0,0,0,0,0,0,0,1,0,0,0,1
179,0,1.0,0.4470972606182458,0.0,0.0,0.0,0,0,1,0,0,0,0,0,0,0,1,0,0,0,1
180,0,1.0,0.36792055349407915,1.0,0.3333333333333333,0.13575255909676823,0,1,0,0,0,0,0,0,0,0,1,0,0,0,1
181,0,0.5,0.36792055349407915,0.0,0.0,0.02937564362913533,0,0,1,0,0,0,0,0,0,0,1,0,1,0,0
182,0,1.0,0.10781603417944208,0.5,0.3333333333333333,0.061264319894317944,1,0,1,0,0,0,0,0,0,0,1,0,0,0,1
183,1,0.5,0.007288263382759489,0.25,0.16666666666666666,0.0761229303346364,1,0,1,0,0,0,0,0,1,0,0,0,0,0,1
184,1,1.0,0.04498617743151546,0.0,0.3333333333333333,0.04298993693898376,0,1,0,0,0,0,0,0,0,0,1,0,0,0,1
185,0,0.0,0.36792055349407915,0.0,0.0,0.09759350042902103,0,0,1,1,0,0,0,0,0,0,0,0,0,0,1
186,1,1.0,0.36792055349407915,0.125,0.0,0.030253985132996517,0,1,0,0,0,0,0,0,0,0,1,0,0,1,0
187,1,0.0,0.5601910027645137,0.0,0.0,0.051822148727810165,0,0,1,0,0,0,0,0,0,0,1,0,0,0,1
188,0,1.0,0.4973611460165871,0.125,0.16666666666666666,0.030253985132996517,0,0,1,0,0,0,0,0,0,0,1,0,0,1,0
189,0,1.0,0.4470972606182458,0.0,0.0,0.015411575213749284,0,0,1,0,0,0,0,0,0,0,1,0,0,0,1
190,1,0.5,0.39683337521990447,0.0,0.0,0.025374310111545468,0,1,0,0,0,0,0,0,0,0,1,0,0,0,1
191,0,0.5,0.23347574767529528,0.0,0.0,0.025374310111545468,0,0,1,0,0,0,0,0,0,0,1,0,0,0,1
192,1,1.0,0.23347574767529528,0.125,0.0,0.015330377421392339,0,1,0,0,0,0,0,0,0,0,1,0,0,0,1
193,1,0.5,0.032420206081930136,0.125,0.16666666666666666,0.050748620223090936,1,0,1,0,0,0,0,0,1,0,0,0,0,0,1
194,1,0.0,0.5476250314149284,0.0,0.0,0.05410739813385612,0,1,0,0,1,0,0,0,0,0,0,0,1,0,0
195,1,0.0,0.7235486303091229,0.0,0.0,0.2859895551532101,0,1,0,0,1,0,0,0,0,0,0,0,1,0,0
196,0,1.0,0.36792055349407915,0.0,0.0,0.015126992566498259,0,0,1,0,0,0,0,0,0,0,1,0,0,1,0
197,0,1.0,0.5224930887157577,0.0,0.16666666666666666,0.01640390592611157,0,0,1,0,0,0,0,0,0,0,1,0,0,0,1
198,1,1.0,0.36792055349407915,0.0,0.0,0.015126992566498259,0,1,0,0,0,0,0,0,0,0,1,0,0,1,0
199,0,0.5,0.2963056044232219,0.0,0.0,0.025374310111545468,0,1,0,0,0,0,0,0,0,0,1,0,0,0,1
200,0,1.0,0.3465694898215632,0.0,0.0,0.018542765081513996,0,0,1,0,0,0,0,0,0,0,1,0,0,0,1
201,0,1.0,0.36792055349407915,1.0,0.3333333333333333,0.13575255909676823,0,0,1,0,0,0,0,0,0,0,1,0,0,0,1
202,0,1.0,0.42196531791907516,0.0,0.0,0.012678957201736696,0,0,1,0,0,0,0,0,0,0,1,0,0,0,1
203,0,1.0,0.5664739884393063,0.0,0.0,0.014102260811993537,0,0,1,0,0,0,0,0,0,0,1,0,1,0,0
204,1,1.0,0.22090977632570996,0.0,0.0,0.015712553569072387,0,0,1,0,0,0,0,0,0,0,1,0,0,0,1
205,0,1.0,0.01985423473234481,0.0,0.16666666666666666,0.02042143996477265,0,1,0,0,0,0,0,0,0,1,0,0,0,0,1
206,0,1.0,0.39683337521990447,0.125,0.0,0.030937139635999665,0,0,1,0,0,0,0,0,0,0,1,0,0,0,1
207,1,1.0,0.32143754712239253,0.0,0.0,0.036670757786204655,0,0,1,0,0,0,0,0,0,0,1,0,1,0,0
208,1,1.0,0.19577783362653933,0.0,0.0,0.015126992566498259,0,1,0,0,0,0,0,0,0,0,1,0,0,1,0
209,1,0.0,0.4973611460165871,0.0,0.0,0.060507970265993034,0,0,1,1,0,0,0,0,0,0,0,0,1,0,0
210,0,1.0,0.2963056044232219,0.0,0.0,0.013760683560491965,0,0,1,0,0,0,0,0,0,0,1,0,0,0,1
211,1,0.5,0.43453128926866047,0.0,0.0,0.04098927018018883,0,1,0,0,0,0,0,0,0,0,1,0,0,0,1
212,0,1.0,0.2711736617240513,0.0,0.0,0.014151057562208049,0,0,1,0,0,0,0,0,0,0,1,0,0,0,1
213,0,0.5,0.37170143252073384,0.0,0.0,0.025374310111545468,0,0,1,0,0,0,0,0,0,0,1,0,0,0,1
214,0,1.0,0.36792055349407915,0.125,0.0,0.015126992566498259,0,0,1,0,0,0,0,0,0,0,1,0,0,1,0
215,1,0.0,0.38426740387031916,0.125,0.0,0.22109807522194713,0,1,0,0,0,0,1,0,0,0,0,0,1,0,0
216,1,1.0,0.33400351847197784,0.0,0.0,0.015468569817999833,0,1,0,0,0,0,0,0,0,0,1,0,0,0,1
217,0,0.5,0.5224930887157577,0.125,0.0,0.05270049023167135,0,0,1,0,0,0,0,0,0,0,1,0,0,0,1
218,1,0.0,0.39683337521990447,0.0,0.0,0.14891148113361488,0,1,0,0,0,0,1,0,0,0,0,0,1,0,0
219,0,0.5,0.37170143252073384,0.0,0.0,0.020494635090094415,0,0,1,0,0,0,0,0,0,0,1,0,0,0,1
220,1,1.0,0.19577783362653933,0.0,0.0,0.015712553569072387,0,0,1,0,0,0,0,0,0,0,1,0,0,0,1
221,0,0.5,0.33400351847197784,0.0,0.0,0.025374310111545468,0,0,1,0,0,0,0,0,0,0,1,0,0,0,1
222,0,1.0,0.6355868308620256,0.0,0.0,0.015712553569072387,0,0,1,0,0,0,0,0,0,0,1,0,0,0,1
223,0,1.0,0.36792055349407915,0.0,0.0,0.015411575213749284,0,0,1,0,0,0,0,0,0,0,1,0,0,0,1
224,1,0.0,0.4722292033174164,0.125,0.0,0.17566830077223786,0,0,1,0,0,1,0,0,0,0,0,0,0,0,1
225,0,1.0,0.2711736617240513,0.0,0.0,0.01824998458022693,0,0,1,0,0,0,0,0,0,0,1,0,0,0,1
226,1,0.5,0.23347574767529528,0.0,0.0,0.020494635090094415,0,0,1,0,0,0,0,0,0,0,1,0,0,0,1
227,0,1.0,0.2523247046996733,0.0,0.0,0.014151057562208049,0,0,1,0,0,0,0,0,0,0,1,0,0,0,1
228,0,0.5,0.22090977632570996,0.0,0.0,0.025374310111545468,0,0,1,0,0,0,0,0,0,0,1,0,0,0,1
229,0,1.0,0.36792055349407915,0.375,0.16666666666666666,0.04970768794751499,0,1,0,0,0,0,0,0,0,0,1,0,0,0,1
230,1,0.0,0.43453128926866047,0.125,0.0,0.16293234896625058,0,1,0,0,0,1,0,0,0,0,0,0,0,0,1
231,0,1.0,0.35913546117114853,0.0,0.0,0.015175789316712771,0,0,1,0,0,0,0,0,0,0,1,0,0,0,1
232,0,0.5,0.7361146016587082,0.0,0.0,0.026350245115835676,0,0,1,0,0,0,0,0,0,0,1,0,0,0,1
233,1,1.0,0.05755214878110078,0.5,0.3333333333333333,0.061264319894317944,0,1,0,0,0,0,0,0,0,0,1,0,0,0,1
234,0,0.5,0.2963056044232219,0.0,0.0,0.020494635090094415,0,0,1,0,0,0,0,0,0,0,1,0,0,0,1
235,0,1.0,0.36792055349407915,0.0,0.0,0.014736618564782174,0,1,0,0,0,0,0,0,0,0,1,0,0,0,1
236,0,0.5,0.5476250314149284,0.125,0.0,0.050748620223090936,0,0,1,0,0,0,0,0,0,0,1,0,0,0,1
237,1,0.5,0.09525006282985675,0.0,0.3333333333333333,0.05123658772523604,0,1,0,0,0,0,0,0,0,0,1,0,0,0,1
238,0,0.5,0.23347574767529528,0.0,0.0,0.020494635090094415,0,0,1,0,0,0,0,0,0,0,1,0,0,0,1
239,0,0.5,0.4093993465694898,0.0,0.0,0.023959204355324663,0,0,1,0,0,0,0,0,0,0,1,0,0,0,1
240,0,1.0,0.36792055349407915,0.125,0.0,0.028212719478023115,0,1,0,0,0,0,0,0,0,0,1,0,1,0,0
241,1,1.0,0.36792055349407915,0.125,0.0,0.030253985132996517,0,1,0,0,0,0,0,0,0,0,1,0,0,1,0
242,0,0.5,0.35913546117114853,0.0,0.0,0.020494635090094415,0,0,1,0,0,0,0,0,0,0,1,0,0,0,1
243,0,1.0,0.2711736617240513,0.0,0.0,0.013907073811135496,0,0,1,0,0,0,0,0,0,0,1,0,0,0,1
244,0,1.0,0.37170143252073384,0.0,0.0,0.014102260811993537,0,0,1,0,0,0,0,0,0,0,1,0,1,0,0
245,0,0.0,0.5476250314149284,0.25,0.0,0.17566830077223786,1,0,1,0,0,1,0,0,0,0,0,0,0,1,0
246,0,1.0,0.3088715757728072,0.0,0.0,0.015175789316712771,0,1,0,0,0,0,0,0,0,0,1,0,0,0,1
247,1,0.5,0.2963056044232219,0.0,0.3333333333333333,0.028302115124416098,0,1,0,0,0,0,0,0,0,0,1,0,0,0,1
248,1,0.0,0.4596632319678311,0.125,0.16666666666666666,0.10257896680493714,0,0,1,0,0,0,1,0,0,0,0,0,0,0,1
249,0,0.5,0.6732847449107816,0.125,0.0,0.050748620223090936,1,0,1,0,0,0,0,0,0,0,1,0,0,0,1
250,0,1.0,0.36792055349407915,0.0,0.0,0.014151057562208049,0,0,1,0,0,0,0,0,0,0,1,0,0,0,1
251,0,1.0,0.35913546117114853,0.125,0.16666666666666666,0.02042143996477265,0,1,0,0,0,0,0,0,0,1,0,0,0,0,1
252,0,0.0,0.7738125157074642,0.0,0.0,0.051822148727810165,0,0,1,0,0,1,0,0,0,0,0,0,0,0,1
253,0,1.0,0.37170143252073384,0.125,0.0,0.031425107138144774,0,0,1,0,0,0,0,0,0,0,1,0,0,0,1
254,0,1.0,0.5099271173661724,0.0,0.3333333333333333,0.039452172548431745,0,1,0,0,0,0,0,0,0,0,1,0,0,0,1
255,1,1.0,0.35913546117114853,0.0,0.3333333333333333,0.029757819776815374,0,1,0,0,0,0,0,0,0,0,1,0,1,0,0
256,1,0.0,0.36792055349407915,0.0,0.0,0.15458810467956932,0,1,0,0,0,0,0,0,0,0,1,0,1,0,0
257,1,0.0,0.37170143252073384,0.0,0.0,0.16883675574220638,0,1,0,0,1,0,0,0,0,0,0,0,0,0,1
258,1,0.0,0.43453128926866047,0.0,0.0,1.0,0,1,0,0,0,0,0,0,0,0,1,0,1,0,0
259,1,0.5,0.6230208595124404,0.0,0.16666666666666666,0.050748620223090936,0,1,0,0,0,0,0,0,0,0,1,0,0,0,1
260,0,1.0,0.36792055349407915,0.0,0.0,0.015126992566498259,0,0,1,0,0,0,0,0,0,0,1,0,0,1,0
261,1,1.0,0.032420206081930136,0.5,0.3333333333333333,0.061264319894317944,1,0,1,0,0,0,0,0,0,0,1,0,0,0,1
262,0,0.0,0.648152802211611,0.125,0.16666666666666666,0.1554664461834305,0,0,1,0,0,0,0,1,0,0,0,0,0,0,1
263,0,0.0,0.4973611460165871,0.0,0.0,0.0,0,0,1,0,1,0,0,0,0,0,0,0,0,0,1
264,0,1.0,0.36792055349407915,0.0,0.0,0.015126992566498259,0,1,0,0,0,0,0,0,0,0,1,0,0,1,0
265,0,0.5,0.4470972606182458,0.0,0.0,0.020494635090094415,0,0,1,0,0,0,0,0,0,0,1,0,0,0,1
266,0,1.0,0.19577783362653933,0.5,0.16666666666666666,0.07746484096553544,0,0,1,0,0,0,0,0,0,0,1,0,0,0,1
267,1,1.0,0.3088715757728072,0.125,0.0,0.015175789316712771,0,0,1,0,0,0,0,0,0,0,1,0,0,0,1
268,1,0.0,0.7235486303091229,0.0,0.16666666666666666,0.2995388511917728,0,1,0,0,0,1,0,0,0,0,0,0,0,0,1
269,1,0.0,0.43453128926866047,0.0,0.0,0.2647385704347907,0,1,0,0,0,1,0,0,0,0,0,0,0,0,1
270,0,0.0,0.36792055349407915,0.0,0.0,0.060507970265993034,0,0,1,0,0,0,0,0,0,0,1,0,0,0,1
271,1,1.0,0.3088715757728072,0.0,0.0,0.0,0,0,1,0,0,0,0,0,0,0,1,0,0,0,1
272,1,0.5,0.5099271173661724,0.0,0.16666666666666666,0.0380614651673182,0,1,0,0,0,0,0,0,0,0,1,0,0,0,1
273,0,0.0,0.4596632319678311,0.0,0.16666666666666666,0.057970539254838485,0,0,1,0,0,1,0,0,0,0,0,0,1,0,0
274,1,1.0,0.36792055349407915,0.0,0.0,0.015126992566498259,0,1,0,0,0,0,0,0,0,0,1,0,0,1,0
275,1,0.0,0.7863784870570495,0.125,0.0,0.15216446768991498,0,1,0,0,0,0,1,0,0,0,0,0,0,0,1
276,0,1.0,0.5601910027645137,0.0,0.0,0.015126992566498259,0,1,0,0,0,0,0,0,0,0,1,0,0,0,1
277,0,0.5,0.36792055349407915,0.0,0.0,0.0,0,0,1,0,0,0,0,0,0,0,1,0,0,0,1
278,0,1.0,0.08268409148027142,0.5,0.16666666666666666,0.056848213999904744,1,0,1,0,0,0,0,0,0,0,1,0,0,1,0
279,1,1.0,0.43453128926866047,0.125,0.16666666666666666,0.03952536767375352,0,1,0,0,0,0,0,0,0,0,1,0,0,0,1
280,0,1.0,0.8115104297562201,0.0,0.0,0.015126992566498259,0,0,1,0,0,0,0,0,0,0,1,0,0,1,0
281,0,1.0,0.3465694898215632,0.0,0.0,0.015330377421392339,0,0,1,0,0,0,0,0,0,0,1,0,0,0,1
282,0,1.0,0.19577783362653933,0.0,0.0,0.018542765081513996,0,0,1,0,0,0,0,0,0,0,1,0,0,0,1
283,1,1.0,0.23347574767529528,0.0,0.0,0.015712553569072387,0,0,1,0,0,0,0,0,0,0,1,0,0,0,1
284,0,0.0,0.36792055349407915,0.0,0.0,0.050748620223090936,0,0,1,1,0,0,0,0,0,0,0,0,0,0,1
285,0,1.0,0.4093993465694898,0.0,0.0,0.016908073949327893,0,0,1,0,0,0,0,0,0,0,1,0,1,0,0
286,1,1.0,0.37170143252073384,0.0,0.0,0.018542765081513996,0,0,1,0,0,0,0,0,0,0,1,0,0,0,1
287,0,1.0,0.2711736617240513,0.0,0.0,0.015411575213749284,0,0,1,0,0,0,0,0,0,0,1,0,0,0,1
288,1,0.5,0.5224930887157577,0.0,0.0,0.025374310111545468,0,0,1,0,0,0,0,0,0,0,1,0,0,0,1
289,1,1.0,0.2711736617240513,0.0,0.0,0.015126992566498259,0,1,0,0,0,0,0,0,0,0,1,0,0,1,0
290,1,0.0,0.32143754712239253,0.0,0.0,0.15390495017656614,0,1,0,0,0,0,0,0,0,0,1,0,0,0,1
291,1,0.0,0.23347574767529528,0.125,0.0,0.17777475888549785,0,1,0,0,1,0,0,0,0,0,0,0,1,0,0
292,0,0.5,0.4470972606182458,0.0,0.0,0.025130326360472913,0,0,1,0,0,0,1,0,0,0,0,0,1,0,0
293,0,1.0,0.2963056044232219,0.0,0.0,0.01727404957593672,0,1,0,0,0,0,0,0,0,0,1,0,0,0,1
294,0,1.0,0.2963056044232219,0.0,0.0,0.015411575213749284,0,0,1,0,0,0,0,0,0,0,1,0,0,0,1
295,0,0.0,0.36792055349407915,0.0,0.0,0.05410739813385612,0,0,1,0,0,0,0,0,0,0,1,0,1,0,0
296,0,1.0,0.2900226187484292,0.0,0.0,0.014110458666029575,0,0,1,0,0,0,0,0,0,0,1,0,1,0,0
297,0,0.0,0.01985423473234481,0.125,0.3333333333333333,0.29580589980036276,0,1,0,0,0,1,0,0,0,0,0,0,0,0,1
298,1,0.0,0.36792055349407915,0.0,0.0,0.05953203526170282,0,0,1,0,0,1,0,0,0,0,0,0,0,0,1
299,1,0.0,0.6230208595124404,0.0,0.16666666666666666,0.4831284260198326,0,1,0,0,1,0,0,0,0,0,0,0,1,0,0
300,1,1.0,0.36792055349407915,0.0,0.0,0.015126992566498259,0,1,0,0,0,0,0,0,0,0,1,0,0,1,0
301,1,1.0,0.36792055349407915,0.25,0.0,0.04538097769949478,0,0,1,0,0,0,0,0,0,0,1,0,0,1,0
302,0,1.0,0.23347574767529528,0.0,0.0,0.0,0,0,1,0,0,0,0,0,0,0,1,0,0,0,1
303,1,0.5,0.36792055349407915,0.0,0.0,0.024105594605968193,0,1,0,0,0,0,0,1,0,0,0,0,0,1,0
304,0,1.0,0.36792055349407915,0.0,0.0,0.015712553569072387,0,0,1,0,0,0,0,0,0,0,1,0,0,0,1
305,1,0.0,0.0062829856747926615,0.125,0.3333333333333333,0.29580589980036276,1,0,1,0,0,1,0,0,0,0,0,0,0,0,1
306,1,0.0,0.36792055349407915,0.0,0.0,0.21642978772242535,0,1,0,0,0,0,0,0,0,0,1,0,1,0,0
307,1,0.0,0.20834380497612465,0.125,0.0,0.2125586439344078,0,1,0,0,0,1,0,0,0,0,0,0,1,0,0
308,0,0.5,0.37170143252073384,0.125,0.0,0.04684488020593009,0,0,1,0,0,0,0,0,0,0,1,0,1,0,0
309,1,0.0,0.37170143252073384,0.0,0.0,0.11111839809247648,0,1,0,0,0,0,0,1,0,0,0,0,1,0,0
310,1,0.0,0.2963056044232219,0.0,0.0,0.16231419173453318,0,1,0,0,0,1,0,0,0,0,0,0,1,0,0
311,1,0.0,0.22090977632570996,0.25,0.3333333333333333,0.5121218935012878,0,1,0,0,1,0,0,0,0,0,0,0,1,0,0
312,0,0.5,0.32143754712239253,0.125,0.16666666666666666,0.050748620223090936,0,1,0,0,0,0,0,0,0,0,1,0,0,0,1
313,0,1.0,0.3465694898215632,0.0,0.0,0.015411575213749284,0,0,1,0,0,0,0,0,0,0,1,0,0,0,1
314,0,0.5,0.5350590600653431,0.125,0.16666666666666666,0.05123658772523604,0,0,1,0,0,0,0,0,0,0,1,0,0,0,1
315,1,1.0,0.32143754712239253,0.0,0.0,0.015330377421392339,0,1,0,0,0,0,0,0,0,0,1,0,0,0,1
316,1,0.5,0.2963056044232219,0.125,0.0,0.050748620223090936,0,1,0,0,0,0,0,0,0,0,1,0,0,0,1
317,0,0.5,0.6732847449107816,0.0,0.0,0.027326180120125887,1,0,1,0,0,0,0,0,0,0,1,0,0,0,1
318,1,0.0,0.38426740387031916,0.0,0.3333333333333333,0.32179836714362564,0,1,0,0,0,1,0,0,0,0,0,0,0,0,1
319,1,0.0,0.4973611460165871,0.125,0.16666666666666666,0.2625265161540666,0,1,0,0,0,0,0,1,0,0,0,0,1,0,0
320,0,1.0,0.2711736617240513,0.0,0.0,0.014151057562208049,0,0,1,0,0,0,0,0,0,0,1,0,0,0,1
321,0,1.0,0.33400351847197784,0.0,0.0,0.015411575213749284,0,0,1,0,0,0,0,0,0,0,1,0,0,0,1
322,1,0.5,0.37170143252073384,0.0,0.0,0.024105594605968193,0,1,0,0,0,0,0,0,0,0,1,0,0,1,0
323,1,0.5,0.2711736617240513,0.125,0.16666666666666666,0.056604230248832196,0,1,0,0,0,0,0,0,0,0,1,0,0,0,1
324,0,1.0,0.36792055349407915,1.0,0.3333333333333333,0.13575255909676823,0,0,1,0,0,0,0,0,0,0,1,0,0,0,1
325,1,0.0,0.4470972606182458,0.0,0.0,0.2647385704347907,0,1,0,0,0,1,0,0,0,0,0,0,1,0,0
326,0,1.0,0.7612465443578789,0.0,0.0,0.012174789178520372,0,0,1,0,0,0,0,0,0,0,1,0,0,0,1
327,1,0.5,0.4470972606182458,0.0,0.0,0.025374310111545468,0,1,0,0,0,0,1,0,0,0,0,0,0,0,1
328,1,1.0,0.38426740387031916,0.125,0.16666666666666666,0.04006213192611313,0,1,0,0,0,0,0,0,0,0,1,0,0,0,1
329,1,0.0,0.19577783362653933,0.0,0.16666666666666666,0.11316786160148591,0,1,0,0,1,0,0,0,0,0,0,0,1,0,0
330,1,1.0,0.36792055349407915,0.25,0.0,0.04538097769949478,0,1,0,0,0,0,0,0,0,0,1,0,0,1,0
331,0,0.0,0.5664739884393063,0.0,0.0,0.055628295244541985,0,0,1,0,0,1,0,0,0,0,0,0,0,0,1
332,0,0.0,0.4722292033174164,0.0,0.16666666666666666,0.2995388511917728,0,0,1,0,0,1,0,0,0,0,0,0,0,0,1
333,0,1.0,0.19577783362653933,0.25,0.0,0.03513366015444757,0,0,1,0,0,0,0,0,0,0,1,0,0,0,1
334,1,0.0,0.36792055349407915,0.125,0.0,0.2608674266467732,0,1,0,0,0,0,0,0,0,0,1,0,0,0,1
335,0,1.0,0.36792055349407915,0.0,0.0,0.015411575213749284,0,0,1,0,0,0,0,0,0,0,1,0,0,0,1
336,0,0.0,0.35913546117114853,0.125,0.0,0.12999454257145598,0,0,1,0,0,1,0,0,0,0,0,0,0,0,1
337,1,0.0,0.5099271173661724,0.0,0.0,0.2625265161540666,0,1,0,0,0,0,0,1,0,0,0,0,1,0,0
338,1,1.0,0.5601910027645137,0.0,0.0,0.015712553569072387,0,0,1,0,0,0,0,0,0,0,1,0,0,0,1
339,0,0.0,0.5601910027645137,0.0,0.0,0.06929138530460492,0,0,1,0,0,0,0,0,0,0,0,1,0,0,1
340,1,0.5,0.01985423473234481,0.125,0.16666666666666666,0.050748620223090936,1,0,1,0,0,0,0,0,1,0,0,0,0,0,1
341,1,0.0,0.2963056044232219,0.375,0.3333333333333333,0.5133418122566505,0,1,0,0,0,1,0,0,0,0,0,0,0,0,1
342,0,0.5,0.3465694898215632,0.0,0.0,0.025374310111545468,0,0,1,0,0,0,0,0,0,0,1,0,0,0,1
343,0,0.5,0.3088715757728072,0.0,0.0,0.025374310111545468,0,0,1,0,0,0,0,0,0,0,1,0,0,0,1
344,0,0.5,0.4470972606182458,0.0,0.0,0.025374310111545468,0,0,1,0,0,0,0,0,0,0,1,0,0,0,1
345,1,0.5,0.2963056044232219,0.0,0.0,0.025374310111545468,0,1,0,0,0,0,0,0,1,0,0,0,0,0,1
346,1,0.5,0.4973611460165871,0.0,0.0,0.025374310111545468,0,1,0,0,0,0,0,0,0,0,1,0,0,0,1
347,1,1.0,0.36792055349407915,0.125,0.0,0.031425107138144774,0,1,0,0,0,0,0,0,0,0,1,0,0,0,1
348,1,1.0,0.032420206081930136,0.125,0.16666666666666666,0.031034733136428686,1,0,1,0,0,0,0,0,0,0,1,0,0,0,1
349,0,1.0,0.5224930887157577,0.0,0.0,0.016908073949327893,0,0,1,0,0,0,0,0,0,0,1,0,0,0,1
350,0,1.0,0.2837396330736366,0.0,0.0,0.01800600082915438,0,0,1,0,0,0,0,0,0,0,1,0,0,0,1
351,0,0.0,0.36792055349407915,0.0,0.0,0.06831545030031472,0,0,1,0,0,1,0,0,0,0,0,0,0,0,1
352,0,1.0,0.18321186227695402,0.125,0.16666666666666666,0.014110458666029575,0,0,1,0,0,0,0,0,0,0,1,0,1,0,0
353,0,1.0,0.3088715757728072,0.125,0.0,0.034743286152731485,0,0,1,0,0,0,0,0,0,0,1,0,0,0,1
354,0,1.0,0.36792055349407915,0.0,0.0,0.014102260811993537,0,0,1,0,0,0,0,0,0,0,1,0,1,0,0
355,0,1.0,0.3465694898215632,0.0,0.0,0.018542765081513996,0,0,1,0,0,0,0,0,0,0,1,0,0,0,1
356,1,0.0,0.2711736617240513,0.0,0.16666666666666666,0.10735285047192313,0,1,0,0,0,0,0,1,0,0,0,0,0,0,1
357,0,0.5,0.4722292033174164,0.0,0.0,0.025374310111545468,0,1,0,0,0,0,0,0,0,0,1,0,0,0,1
358,1,1.0,0.36792055349407915,0.0,0.0,0.01537917417160685,0,1,0,0,0,0,0,0,0,0,1,0,0,1,0
359,1,1.0,0.36792055349407915,0.0,0.0,0.01537917417160685,0,1,0,0,0,0,0,0,0,0,1,0,0,1,0
360,0,1.0,0.4973611460165871,0.125,0.6666666666666666,0.05445717323939373,0,0,1,0,0,0,0,0,0,0,1,0,0,0,1
361,0,0.5,0.35913546117114853,0.125,0.0,0.05410739813385612,0,0,1,0,0,0,0,0,0,0,1,0,1,0,0
362,0,1.0,0.5601910027645137,0.0,0.16666666666666666,0.028212719478023115,0,1,0,0,0,0,0,0,0,0,1,0,1,0,0
363,0,1.0,0.43453128926866047,0.0,0.0,0.013760683560491965,0,0,1,0,0,0,0,0,0,0,1,0,0,0,1
364,0,1.0,0.36792055349407915,0.125,0.0,0.030253985132996517,0,0,1,0,0,0,0,0,0,0,1,0,0,1,0
365,0,1.0,0.37170143252073384,0.0,0.0,0.014151057562208049,0,0,1,0,0,0,0,0,0,0,1,0,0,0,1
366,1,0.0,0.7486805730082935,0.125,0.0,0.14687821814567664,0,1,0,0,0,0,1,0,0,0,0,0,1,0,0
367,1,1.0,0.36792055349407915,0.0,0.0,0.014110458666029575,0,1,0,0,0,0,0,0,0,0,1,0,1,0,0
368,1,1.0,0.36792055349407915,0.0,0.0,0.015126992566498259,0,1,0,0,0,0,0,0,0,0,1,0,0,1,0
369,1,0.0,0.2963056044232219,0.0,0.0,0.13526459159462315,1,1,0,0,1,0,0,0,0,0,0,0,1,0,0
370,1,0.0,0.3088715757728072,0.125,0.0,0.1082149914547131,0,0,1,0,0,0,0,1,0,0,0,0,1,0,0
371,0,1.0,0.22090977632570996,0.125,0.0,0.012678957201736696,0,0,1,0,0,0,0,0,0,0,1,0,0,0,1
372,0,1.0,0.23347574767529528,0.0,0.0,0.015712553569072387,0,0,1,0,0,0,0,0,0,0,1,0,0,0,1
373,0,0.0,0.2711736617240513,0.0,0.0,0.2647385704347907,0,0,1,0,0,0,0,0,0,0,1,0,1,0,0
374,0,1.0,0.032420206081930136,0.375,0.16666666666666666,0.04113566043083236,0,1,0,0,0,0,0,0,0,0,1,0,0,0,1
375,1,0.0,0.36792055349407915,0.125,0.0,0.16038672010106,0,1,0,0,0,0,0,0,0,0,1,0,1,0,0
376,1,1.0,0.2711736617240513,0.0,0.0,0.014151057562208049,0,1,0,0,0,0,0,0,0,0,1,0,0,0,1
377,0,0.0,0.33400351847197784,0.0,0.3333333333333333,0.41282050681475896,0,0,1,0,0,1,0,0,0,0,0,0,1,0,0
378,0,1.0,0.24604171902488062,0.0,0.0,0.007831878409428937,0,0,1,0,0,0,0,0,0,0,1,0,1,0,0
379,0,1.0,0.23347574767529528,0.0,0.0,0.015175789316712771,0,0,1,0,0,0,0,0,0,0,1,0,0,0,1
380,1,0.0,0.5224930887157577,0.0,0.0,0.4440992237022602,0,1,0,0,0,0,0,0,0,0,1,0,1,0,0
381,1,1.0,0.007288263382759489,0.0,0.3333333333333333,0.030725752114070404,0,1,0,0,0,0,0,0,0,0,1,0,1,0,0
382,0,1.0,0.39683337521990447,0.0,0.0,0.015468569817999833,0,0,1,0,0,0,0,0,0,0,1,0,0,0,1
383,1,0.0,0.43453128926866047,0.125,0.0,0.10149724044618187,0,1,0,0,0,0,0,0,0,0,1,0,0,0,1
384,0,1.0,0.36792055349407915,0.0,0.0,0.015411575213749284,0,0,1,0,0,0,0,0,0,0,1,0,0,0,1
385,0,0.5,0.22090977632570996,0.0,0.0,0.1434624456306609,0,0,1,0,0,0,0,0,0,0,1,0,0,0,1
386,0,1.0,0.007288263382759489,0.625,0.3333333333333333,0.09154270340242172,1,0,1,0,0,0,0,0,0,0,1,0,0,0,1
387,1,0.5,0.4470972606182458,0.0,0.0,0.025374310111545468,0,1,0,0,0,0,0,0,0,0,1,0,0,0,1
388,0,1.0,0.36792055349407915,0.0,0.0,0.015086393670319786,0,0,1,0,0,0,0,0,0,0,1,0,0,1,0
389,1,0.5,0.20834380497612465,0.0,0.0,0.023422440102965045,0,1,0,0,0,0,0,0,0,0,1,0,1,0,0
390,1,0.0,0.4470972606182458,0.125,0.3333333333333333,0.23422440102965045,0,0,1,0,1,0,0,0,0,0,0,0,0,0,1
391,1,1.0,0.2586076903744659,0.0,0.0,0.015216388212891242,0,0,1,0,0,0,0,0,0,0,1,0,0,0,1
392,0,1.0,0.3465694898215632,0.25,0.0,0.015468569817999833,0,0,1,0,0,0,0,0,0,0,1,0,0,0,1
393,1,0.0,0.2837396330736366,0.125,0.0,0.22109807522194713,0,1,0,0,0,0,1,0,0,0,0,0,1,0,0
394,1,1.0,0.2963056044232219,0.0,0.3333333333333333,0.03259622914329302,0,1,0,0,0,0,0,0,0,1,0,0,0,0,1
395,0,1.0,0.2711736617240513,0.0,0.0,0.015216388212891242,0,0,1,0,0,0,0,0,0,0,1,0,0,0,1
396,0,1.0,0.38426740387031916,0.0,0.0,0.015330377421392339,0,1,0,0,0,0,0,0,0,0,1,0,0,0,1
397,0,0.5,0.572756974114099,0.0,0.0,0.050748620223090936,0,0,1,0,0,0,0,0,0,0,1,0,0,0,1
398,0,0.5,0.2837396330736366,0.0,0.0,0.020494635090094415,1,0,1,0,0,0,0,0,0,0,1,0,0,0,1
399,1,0.5,0.3465694898215632,0.0,0.0,0.02469115560854232,0,1,0,0,0,0,0,0,0,0,1,0,0,0,1
400,1,1.0,0.4847951746670017,0.0,0.0,0.015468569817999833,0,0,1,0,0,0,0,0,0,0,1,0,0,0,1
401,0,1.0,0.32143754712239253,0.0,0.0,0.015712553569072387,0,0,1,0,0,0,0,0,0,0,1,0,0,0,1
402,0,1.0,0.2586076903744659,0.125,0.0,0.019177122834302632,0,1,0,0,0,0,0,0,0,0,1,0,0,0,1
403,0,1.0,0.3465694898215632,0.125,0.0,0.030937139635999665,0,0,1,0,0,0,0,0,0,0,1,0,0,0,1
404,0,1.0,0.24604171902488062,0.0,0.0,0.016908073949327893,0,1,0,0,0,0,0,0,0,0,1,0,0,0,1
405,0,0.5,0.42196531791907516,0.125,0.0,0.04098927018018883,0,0,1,0,0,0,0,0,0,0,1,0,0,0,1
406,0,1.0,0.6355868308620256,0.0,0.0,0.015126992566498259,0,0,1,0,0,0,0,0,0,0,1,0,0,0,1
407,1,0.5,0.032420206081930136,0.125,0.16666666666666666,0.03659756266088288,1,0,1,0,0,0,0,0,0,0,1,0,0,0,1
408,0,1.0,0.2586076903744659,0.0,0.0,0.015175789316712771,0,0,1,0,0,0,0,0,0,0,1,0,0,0,1
409,0,1.0,0.36792055349407915,0.375,0.16666666666666666,0.04970768794751499,0,1,0,0,0,0,0,0,0,0,1,0,0,0,1
410,0,1.0,0.36792055349407915,0.0,0.0,0.015411575213749284,0,0,1,0,0,0,0,0,0,0,1,0,0,0,1
411,0,1.0,0.36792055349407915,0.0,0.0,0.013386510079847098,0,0,1,0,0,0,0,0,0,0,1,0,0,1,0
412,1,0.0,0.4093993465694898,0.125,0.0,0.17566830077223786,0,1,0,0,0,1,0,0,0,0,0,0,0,1,0
413,0,0.5,0.36792055349407915,0.0,0.0,0.0,0,0,1,0,0,0,0,0,0,0,1,0,0,0,1
414,1,1.0,0.5476250314149284,0.0,0.0,0.015468569817999833,0,0,1,0,0,0,0,0,0,0,1,0,0,0,1
415,0,1.0,0.36792055349407915,0.0,0.0,0.015712553569072387,0,1,0,0,0,0,0,0,0,0,1,0,0,0,1
416,1,0.5,0.42196531791907516,0.125,0.16666666666666666,0.06343577527886367,0,1,0,0,0,0,0,0,0,0,1,0,0,0,1
417,1,0.5,0.22090977632570996,0.0,0.3333333333333333,0.025374310111545468,0,1,0,0,0,0,0,0,0,0,1,0,0,0,1
418,0,0.5,0.37170143252073384,0.0,0.0,0.025374310111545468,0,0,1,0,0,0,0,0,0,0,1,0,0,0,1
419,0,1.0,0.12038200552902739,0.0,0.3333333333333333,0.04713766070721715,0,1,0,0,0,0,0,0,0,0,1,0,0,0,1
420,0,1.0,0.36792055349407915,0.0,0.0,0.015411575213749284,0,0,1,0,0,0,0,0,0,0,1,0,1,0,0
421,0,1.0,0.2586076903744659,0.0,0.0,0.015094396337354966,0,0,1,0,0,0,0,0,0,0,1,0,0,1,0
422,0,1.0,0.35913546117114853,0.0,0.0,0.015370976317570811,0,0,1,0,0,0,0,0,0,0,1,0,0,0,1
423,0,1.0,0.3465694898215632,0.125,0.16666666666666666,0.028106928123558056,0,1,0,0,0,0,0,0,0,0,1,0,0,0,1
424,0,1.0,0.22090977632570996,0.125,0.16666666666666666,0.039452172548431745,0,0,1,0,0,0,0,0,0,0,1,0,0,0,1
425,0,1.0,0.36792055349407915,0.0,0.0,0.014151057562208049,0,0,1,0,0,0,0,0,0,0,1,0,0,0,1
426,1,0.5,0.3465694898215632,0.125,0.0,0.050748620223090936,0,1,0,0,0,0,0,0,0,0,1,0,0,0,1
427,1,0.5,0.23347574767529528,0.0,0.0,0.050748620223090936,0,1,0,0,0,0,0,0,0,0,1,0,0,0,1
428,0,1.0,0.36792055349407915,0.0,0.0,0.015126992566498259,0,0,1,0,0,0,0,0,0,0,1,0,0,1,0
429,1,1.0,0.39683337521990447,0.0,0.0,0.015712553569072387,0,0,1,0,0,0,0,1,0,0,0,0,0,0,1
430,1,0.0,0.3465694898215632,0.0,0.0,0.051822148727810165,0,0,1,0,0,1,0,0,0,0,0,0,0,0,1
431,1,1.0,0.36792055349407915,0.125,0.0,0.031425107138144774,0,1,0,0,0,0,0,0,0,0,1,0,0,0,1
432,1,0.5,0.5224930887157577,0.125,0.0,0.050748620223090936,0,1,0,0,0,0,0,0,0,0,1,0,0,0,1
433,0,1.0,0.20834380497612465,0.0,0.0,0.013907073811135496,0,0,1,0,0,0,0,0,0,0,1,0,0,0,1
434,0,0.0,0.6230208595124404,0.125,0.0,0.1091095334796455,0,0,1,0,0,0,0,1,0,0,0,0,0,0,1
435,1,0.0,0.17064589092736868,0.125,0.3333333333333333,0.23422440102965045,0,1,0,0,1,0,0,0,0,0,0,0,0,0,1
436,0,1.0,0.2586076903744659,0.25,0.3333333333333333,0.06709553154495196,0,1,0,0,0,0,0,0,0,0,1,0,0,0,1
437,1,0.5,0.2963056044232219,0.25,0.5,0.03659756266088288,0,1,0,0,0,0,0,0,0,0,1,0,0,0,1
438,0,0.0,0.7989444584066349,0.125,0.6666666666666666,0.5133418122566505,0,0,1,0,0,1,0,0,0,0,0,0,0,0,1
439,0,0.5,0.38426740387031916,0.0,0.0,0.020494635090094415,0,0,1,0,0,0,0,0,0,0,1,0,0,0,1
440,1,0.5,0.5601910027645137,0.125,0.16666666666666666,0.05123658772523604,0,1,0,0,0,0,0,0,0,0,1,0,0,0,1
441,0,1.0,0.24604171902488062,0.0,0.0,0.018542765081513996,0,0,1,0,0,0,0,0,0,0,1,0,0,0,1
442,0,1.0,0.3088715757728072,0.125,0.0,0.015175789316712771,0,0,1,0,0,0,0,0,0,0,1,0,0,0,1
443,1,0.5,0.3465694898215632,0.0,0.0,0.025374310111545468,0,1,0,0,0,0,0,0,0,0,1,0,0,0,1
444,1,1.0,0.36792055349407915,0.0,0.0,0.015834545444608664,0,0,1,0,0,0,0,0,0,0,1,0,0,0,1
445,1,0.0,0.04498617743151546,0.0,0.3333333333333333,0.15977676072337862,1,0,1,1,0,0,0,0,0,0,0,0,0,0,1
446,1,0.5,0.15807991957778336,0.0,0.16666666666666666,0.0380614651673182,0,1,0,0,0,0,0,0,0,0,1,0,0,0,1
447,1,0.0,0.42196531791907516,0.0,0.0,0.051822148727810165,0,0,1,0,0,0,0,0,0,0,1,0,0,0,1
448,1,1.0,0.05755214878110078,0.25,0.16666666666666666,0.03758969818624431,0,1,0,0,0,0,0,0,0,0,1,0,1,0,0
449,1,0.0,0.648152802211611,0.0,0.0,0.05953203526170282,1,0,1,0,0,1,0,0,0,0,0,0,0,0,1
450,0,0.5,0.4470972606182458,0.125,0.3333333333333333,0.05416439273810667,0,0,1,0,0,0,0,0,0,0,1,0,0,0,1
451,0,1.0,0.36792055349407915,0.125,0.0,0.03897240290032268,0,0,1,0,0,0,0,0,0,0,1,0,0,0,1
452,0,0.0,0.37170143252073384,0.0,0.0,0.05416439273810667,0,0,1,0,0,1,0,0,0,0,0,0,1,0,0
453,1,0.0,0.610454888162855,0.125,0.0,0.17391981561855152,0,0,1,0,0,1,0,0,0,0,0,0,1,0,0
454,0,1.0,0.36792055349407915,0.0,0.0,0.015712553569072387,0,0,1,0,0,0,0,0,0,0,1,0,0,0,1
455,1,1.0,0.35913546117114853,0.0,0.0,0.015411575213749284,0,0,1,0,0,0,0,0,0,0,1,0,1,0,0
456,0,0.0,0.8115104297562201,0.0,0.0,0.051822148727810165,0,0,1,0,0,0,0,1,0,0,0,0,0,0,1
457,1,0.0,0.36792055349407915,0.125,0.0,0.10122885832000206,0,1,0,0,0,0,1,0,0,0,0,0,0,0,1
458,1,0.5,0.6230208595124404,0.0,0.0,0.020494635090094415,0,1,0,0,0,0,0,0,0,0,1,0,0,0,1
459,0,1.0,0.36792055349407915,0.0,0.0,0.015126992566498259,0,0,1,0,0,0,0,0,0,0,1,0,0,1,0
460,1,0.0,0.5978889168132696,0.0,0.0,0.051822148727810165,0,0,1,0,0,0,0,1,0,0,0,0,0,0,1
461,0,1.0,0.42196531791907516,0.0,0.0,0.015712553569072387,0,0,1,0,0,0,0,0,0,0,1,0,0,0,1
462,0,0.0,0.5853229454636844,0.0,0.0,0.07514699533034619,0,0,1,0,0,0,0,1,0,0,0,0,0,0,1
463,0,0.5,0.5978889168132696,0.0,0.0,0.025374310111545468,0,0,1,0,0,0,0,0,0,0,1,0,0,0,1
464,0,1.0,0.36792055349407915,0.0,0.0,0.015712553569072387,0,0,1,0,0,0,0,0,0,0,1,0,0,0,1
465,0,1.0,0.4722292033174164,0.0,0.0,0.013760683560491965,0,0,1,0,0,0,0,0,0,0,1,0,0,0,1
466,0,0.5,0.36792055349407915,0.0,0.0,0.0,0,0,1,0,0,0,0,0,0,0,1,0,0,0,1
467,0,0.0,0.6984166876099522,0.0,0.0,0.051822148727810165,0,0,1,0,0,0,0,0,0,0,1,0,0,0,1
468,0,1.0,0.36792055349407915,0.0,0.0,0.015078195816283748,0,0,1,0,0,0,0,0,0,0,1,0,0,1,0
469,1,1.0,0.004146770545363157,0.25,0.16666666666666666,0.03758969818624431,0,1,0,0,0,0,0,0,0,0,1,0,1,0,0
470,0,1.0,0.36792055349407915,0.0,0.0,0.014151057562208049,0,0,1,0,0,0,0,0,0,0,1,0,0,0,1
471,0,1.0,0.4722292033174164,0.0,0.0,0.016908073949327893,0,0,1,0,0,0,0,0,0,0,1,0,0,0,1
472,1,0.5,0.4093993465694898,0.125,0.3333333333333333,0.05416439273810667,0,1,0,0,0,0,0,0,0,0,1,0,0,0,1
473,1,0.5,0.2837396330736366,0.0,0.0,0.026919605597338588,0,1,0,0,0,0,1,0,0,0,0,0,1,0,0
474,0,1.0,0.2711736617240513,0.0,0.0,0.019201521209409888,0,1,0,0,0,0,0,0,0,0,1,0,0,0,1
475,0,0.0,0.36792055349407915,0.0,0.0,0.10149724044618187,0,0,1,1,0,0,0,0,0,0,0,0,0,0,1
476,0,0.5,0.42196531791907516,0.125,0.0,0.04098927018018883,0,0,1,0,0,0,0,0,0,0,1,0,0,0,1
477,0,1.0,0.35913546117114853,0.125,0.0,0.013752485706455927,0,0,1,0,0,0,0,0,0,0,1,0,0,0,1
478,0,1.0,0.2711736617240513,0.0,0.0,0.014679623960531627,0,0,1,0,0,0,0,0,0,0,1,0,0,0,1
479,1,1.0,0.01985423473234481,0.0,0.16666666666666666,0.023983602730431916,0,1,0,0,0,0,0,0,0,0,1,0,0,0,1
480,0,1.0,0.10781603417944208,0.625,0.3333333333333333,0.09154270340242172,1,0,1,0,0,0,0,0,0,0,1,0,0,0,1
481,0,0.5,0.36792055349407915,0.0,0.0,0.0,0,0,1,0,0,0,0,0,0,0,1,0,0,0,1
482,0,1.0,0.6230208595124404,0.0,0.0,0.015712553569072387,0,0,1,0,0,0,0,0,0,0,1,0,0,0,1
483,1,1.0,0.7863784870570495,0.0,0.0,0.018713553707264782,0,1,0,0,0,0,0,0,0,0,1,0,0,0,1
484,1,0.0,0.3088715757728072,0.125,0.0,0.17777475888549785,0,0,1,0,1,0,0,0,0,0,0,0,1,0,0
485,0,1.0,0.36792055349407915,0.375,0.16666666666666666,0.04970768794751499,0,1,0,0,0,0,0,0,0,0,1,0,0,0,1
486,1,0.0,0.43453128926866047,0.125,0.0,0.17566830077223786,0,1,0,0,0,1,0,0,0,0,0,0,0,0,1
487,0,0.0,0.7235486303091229,0.0,0.0,0.057970539254838485,0,0,1,0,1,0,0,0,0,0,0,0,1,0,0
488,0,1.0,0.37170143252073384,0.0,0.0,0.015712553569072387,0,0,1,0,0,0,0,0,0,0,1,0,0,0,1
489,1,1.0,0.10781603417944208,0.125,0.16666666666666666,0.031034733136428686,1,0,1,0,0,0,0,0,0,0,1,0,0,0,1
490,0,1.0,0.36792055349407915,0.125,0.0,0.03897240290032268,0,0,1,0,0,0,0,0,0,0,1,0,0,0,1
491,0,1.0,0.2586076903744659,0.0,0.0,0.014151057562208049,0,0,1,0,0,0,0,0,0,0,1,0,0,0,1
492,0,0.0,0.6858507162603669,0.0,0.0,0.05953203526170282,0,0,1,0,0,1,0,0,0,0,0,0,0,0,1
493,0,0.0,0.8869062578537321,0.0,0.0,0.09662576327876685,0,0,1,0,0,0,0,0,0,0,1,0,1,0,0
494,0,1.0,0.2586076903744659,0.0,0.0,0.015712553569072387,0,0,1,0,0,0,0,0,0,0,1,0,0,0,1
495,0,1.0,0.36792055349407915,0.0,0.0,0.028220722145058292,0,0,1,0,0,0,0,0,0,0,1,0,1,0,0
496,1,0.0,0.6732847449107816,0.125,0.0,0.1527664244005612,0,1,0,0,0,0,1,0,0,0,0,0,1,0,0
497,0,1.0,0.36792055349407915,0.0,0.0,0.029473237129564348,0,0,1,0,0,0,0,0,0,0,1,0,0,0,1
498,0,0.0,0.3088715757728072,0.125,0.3333333333333333,0.29580589980036276,0,1,0,0,0,1,0,0,0,0,0,0,0,0,1
499,0,1.0,0.2963056044232219,0.0,0.0,0.015216388212891242,0,0,1,0,0,0,0,0,0,0,1,0,0,0,1
500,0,1.0,0.20834380497612465,0.0,0.0,0.016908073949327893,0,0,1,0,0,0,0,0,0,0,1,0,0,0,1
501,0,1.0,0.2586076903744659,0.0,0.0,0.015126992566498259,0,1,0,0,0,0,0,0,0,0,1,0,0,1,0
502,0,1.0,0.36792055349407915,0.0,0.0,0.014891206669461744,0,1,0,0,0,0,0,0,0,0,1,0,0,1,0
503,0,1.0,0.4596632319678311,0.0,0.0,0.018713553707264782,0,1,0,0,0,0,0,0,0,0,1,0,0,0,1
504,1,0.0,0.19577783362653933,0.0,0.0,0.16883675574220638,0,1,0,0,1,0,0,0,0,0,0,0,0,0,1
505,0,0.0,0.22090977632570996,0.125,0.0,0.2125586439344078,0,0,1,0,0,1,0,0,0,0,0,0,1,0,0
506,1,0.5,0.4093993465694898,0.0,0.3333333333333333,0.050748620223090936,0,1,0,0,0,0,0,0,0,0,1,0,0,0,1
507,1,0.0,0.36792055349407915,0.0,0.0,0.051822148727810165,0,0,1,0,0,0,0,0,0,0,1,0,0,0,1
508,0,1.0,0.3465694898215632,0.0,0.0,0.04396587194327397,0,0,1,0,0,0,0,0,0,0,1,0,0,0,1
509,1,1.0,0.32143754712239253,0.0,0.0,0.11027245763075773,0,0,1,0,0,0,0,0,0,0,1,0,0,0,1
510,1,1.0,0.35913546117114853,0.0,0.0,0.015126992566498259,0,0,1,0,0,0,0,0,0,0,1,0,0,1,0
511,0,1.0,0.36792055349407915,0.0,0.0,0.015712553569072387,0,0,1,0,0,0,0,0,0,0,1,0,0,0,1
512,1,0.0,0.4470972606182458,0.0,0.0,0.05130978285055781,0,0,1,0,0,0,0,1,0,0,0,0,0,0,1
513,1,0.0,0.6732847449107816,0.125,0.0,0.11594107850967697,0,1,0,0,0,0,0,0,0,0,1,0,1,0,0
514,0,1.0,0.2963056044232219,0.0,0.0,0.014630827210317115,0,0,1,0,0,0,0,0,0,0,1,0,0,0,1
515,0,0.0,0.5853229454636844,0.0,0.0,0.06640417918791278,0,0,1,0,0,0,1,0,0,0,0,0,0,0,1
516,1,0.5,0.42196531791907516,0.0,0.0,0.020494635090094415,0,1,0,0,0,0,0,0,1,0,0,0,0,0,1
517,0,1.0,0.36792055349407915,0.0,0.0,0.04713766070721715,0,0,1,0,0,0,0,0,0,0,1,0,0,1,0
518,1,0.5,0.4470972606182458,0.125,0.0,0.050748620223090936,0,1,0,0,0,0,0,0,0,0,1,0,0,0,1
519,0,1.0,0.39683337521990447,0.0,0.0,0.015411575213749284,0,0,1,0,0,0,0,0,0,0,1,0,0,0,1
520,1,0.0,0.37170143252073384,0.0,0.0,0.18249984580226933,0,1,0,0,1,0,0,0,0,0,0,0,0,0,1
521,0,1.0,0.2711736617240513,0.0,0.0,0.015411575213749284,0,0,1,0,0,0,0,0,0,0,1,0,0,0,1
522,0,1.0,0.36792055349407915,0.0,0.0,0.014102260811993537,0,0,1,0,0,0,0,0,0,0,1,0,1,0,0
523,1,0.0,0.5476250314149284,0.0,0.16666666666666666,0.11316786160148591,0,1,0,0,1,0,0,0,0,0,0,0,1,0,0
524,0,1.0,0.36792055349407915,0.0,0.0,0.014110458666029575,0,0,1,0,0,0,0,0,0,0,1,0,1,0,0
525,0,1.0,0.5036441316913798,0.0,0.0,0.015126992566498259,0,0,1,0,0,0,0,0,0,0,1,0,0,1,0
526,1,0.5,0.6230208595124404,0.0,0.0,0.020494635090094415,0,1,0,0,0,0,0,0,0,0,1,0,0,0,1
527,0,0.0,0.36792055349407915,0.0,0.0,0.4328841690069588,0,0,1,0,0,1,0,0,0,0,0,0,0,0,1
528,0,1.0,0.4847951746670017,0.0,0.0,0.015468569817999833,0,0,1,0,0,0,0,0,0,0,1,0,0,0,1
529,0,0.5,0.2837396330736366,0.25,0.16666666666666666,0.022446505098674834,0,0,1,0,0,0,0,0,0,0,1,0,0,0,1
530,1,0.5,0.01985423473234481,0.125,0.16666666666666666,0.050748620223090936,0,1,0,0,0,0,0,0,0,0,1,0,0,0,1
531,0,1.0,0.36792055349407915,0.0,0.0,0.014110458666029575,0,0,1,0,0,0,0,0,0,0,1,0,1,0,0
532,0,1.0,0.20834380497612465,0.125,0.16666666666666666,0.014110458666029575,0,0,1,0,0,0,0,0,0,0,1,0,1,0,0
533,1,1.0,0.36792055349407915,0.0,0.3333333333333333,0.04364049521284361,0,1,0,0,0,0,0,0,0,0,1,0,1,0,0
534,0,1.0,0.37170143252073384,0.0,0.0,0.016908073949327893,0,1,0,0,0,0,0,0,0,0,1,0,0,0,1
535,1,0.5,0.08268409148027142,0.0,0.3333333333333333,0.05123658772523604,0,1,0,0,0,0,0,0,0,0,1,0,0,0,1
536,0,0.0,0.5601910027645137,0.0,0.0,0.051822148727810165,1,0,1,0,1,0,0,0,0,0,0,0,0,0,1
537,1,0.0,0.37170143252073384,0.0,0.0,0.20772776566317125,0,1,0,0,0,0,0,0,0,0,1,0,1,0,0
538,0,1.0,0.36792055349407915,0.0,0.0,0.028302115124416098,0,0,1,0,0,0,0,0,0,0,1,0,0,0,1
539,1,0.0,0.2711736617240513,0.0,0.3333333333333333,0.09661756542473081,0,1,0,0,1,0,0,0,0,0,0,0,1,0,0
540,1,0.0,0.4470972606182458,0.0,0.3333333333333333,0.13858277060920984,0,1,0,0,1,0,0,0,0,0,0,0,0,0,1
541,0,1.0,0.10781603417944208,0.5,0.3333333333333333,0.06104473451835265,0,1,0,0,0,0,0,0,0,0,1,0,0,0,1
542,0,1.0,0.13294797687861273,0.5,0.3333333333333333,0.06104473451835265,0,1,0,0,0,0,0,0,0,0,1,0,0,0,1
543,1,0.5,0.39683337521990447,0.125,0.0,0.050748620223090936,0,0,1,0,0,0,0,0,0,0,1,0,0,0,1
544,0,0.0,0.6230208595124404,0.125,0.0,0.20772776566317125,0,0,1,0,0,1,0,0,0,0,0,0,1,0,0
545,0,0.0,0.7989444584066349,0.0,0.0,0.050748620223090936,0,0,1,0,0,0,0,0,0,0,1,0,0,0,1
546,1,0.5,0.23347574767529528,0.125,0.0,0.050748620223090936,0,1,0,0,0,0,0,0,0,0,1,0,0,0,1
547,1,0.5,0.36792055349407915,0.0,0.0,0.02705779799394608,0,0,1,0,0,0,0,0,0,0,1,0,1,0,0
548,0,1.0,0.4093993465694898,0.125,0.16666666666666666,0.04006213192611313,0,0,1,0,0,0,0,0,0,0,1,0,0,0,1
549,1,0.5,0.09525006282985675,0.125,0.16666666666666666,0.07173122281533045,1,0,1,0,0,0,0,0,0,0,1,0,0,0,1
550,1,0.0,0.20834380497612465,0.0,0.3333333333333333,0.21642978772242535,0,0,1,0,0,1,0,0,0,0,0,0,1,0,0
551,0,0.5,0.33400351847197784,0.0,0.0,0.050748620223090936,0,0,1,0,0,0,0,0,0,0,1,0,0,0,1
552,0,1.0,0.36792055349407915,0.0,0.0,0.015281580671177828,0,0,1,0,0,0,0,0,0,0,1,0,0,1,0
553,1,1.0,0.2711736617240513,0.0,0.0,0.014102260811993537,0,0,1,0,0,0,0,0,0,0,1,0,1,0,0
554,1,1.0,0.2711736617240513,0.0,0.0,0.015175789316712771,0,1,0,0,0,0,0,0,0,0,1,0,0,0,1
555,0,0.0,0.7738125157074642,0.0,0.0,0.051822148727810165,0,0,1,0,0,0,0,0,0,0,1,0,0,0,1
556,1,0.0,0.5978889168132696,0.125,0.0,0.07729405233978466,1,1,0,1,0,0,0,0,0,0,0,0,1,0,0
557,0,0.0,0.36792055349407915,0.0,0.0,0.4440992237022602,0,0,1,0,0,0,0,0,0,0,1,0,1,0,0
558,1,0.0,0.4847951746670017,0.125,0.16666666666666666,0.1554664461834305,0,1,0,0,0,0,0,1,0,0,0,0,0,0,1
559,1,1.0,0.4470972606182458,0.125,0.0,0.033962538149299316,0,1,0,0,0,0,0,0,0,0,1,0,0,0,1
560,0,1.0,0.36792055349407915,0.0,0.0,0.015126992566498259,0,0,1,0,0,0,0,0,0,0,1,0,0,1,0
561,0,1.0,0.4973611460165871,0.0,0.0,0.015411575213749284,0,0,1,0,0,0,0,0,0,0,1,0,0,0,1
562,0,0.5,0.3465694898215632,0.0,0.0,0.026350245115835676,0,0,1,0,0,0,0,0,0,0,1,0,0,0,1
563,0,1.0,0.36792055349407915,0.0,0.0,0.015712553569072387,0,0,1,0,0,0,0,0,0,0,1,0,0,0,1
564,0,1.0,0.36792055349407915,0.0,0.0,0.015712553569072387,0,1,0,0,0,0,0,0,0,0,1,0,0,0,1
565,0,1.0,0.2963056044232219,0.25,0.0,0.04713766070721715,0,0,1,0,0,0,0,0,0,0,1,0,0,0,1
566,0,1.0,0.23347574767529528,0.0,0.0,0.015411575213749284,0,0,1,0,0,0,0,0,0,0,1,0,0,0,1
567,0,1.0,0.35913546117114853,0.0,0.6666666666666666,0.04113566043083236,0,1,0,0,0,0,0,0,0,0,1,0,0,0,1
568,0,1.0,0.36792055349407915,0.0,0.0,0.014110458666029575,0,0,1,0,0,0,0,0,0,0,1,0,1,0,0
569,1,1.0,0.39683337521990447,0.0,0.0,0.015330377421392339,0,0,1,0,0,0,0,0,0,0,1,0,0,0,1
570,1,0.5,0.7738125157074642,0.0,0.0,0.020494635090094415,0,0,1,0,0,0,0,0,0,0,1,0,0,0,1
571,1,0.0,0.6607187735611962,0.25,0.0,0.10048070654571319,0,1,0,0,0,1,0,0,0,0,0,0,0,0,1
572,1,0.0,0.4470972606182458,0.0,0.0,0.051504969851415845,0,0,1,0,0,0,0,1,0,0,0,0,0,0,1
573,1,1.0,0.36792055349407915,0.0,0.0,0.015126992566498259,0,1,0,0,0,0,0,0,0,0,1,0,0,1,0
574,0,1.0,0.19577783362653933,0.0,0.0,0.015712553569072387,0,0,1,0,0,0,0,0,0,0,1,0,0,0,1
575,0,1.0,0.23347574767529528,0.0,0.0,0.028302115124416098,0,0,1,0,0,0,0,0,0,0,1,0,0,0,1
576,1,0.5,0.42196531791907516,0.0,0.0,0.025374310111545468,0,1,0,0,0,0,0,0,0,0,1,0,0,0,1
577,1,0.0,0.4847951746670017,0.125,0.0,0.1091095334796455,0,1,0,0,0,0,0,1,0,0,0,0,0,0,1
578,0,1.0,0.36792055349407915,0.125,0.0,0.028220722145058292,0,1,0,0,0,0,0,0,0,0,1,0,1,0,0
579,1,1.0,0.39683337521990447,0.0,0.0,0.015468569817999833,0,0,1,0,0,0,0,0,0,0,1,0,0,0,1
580,1,0.5,0.3088715757728072,0.125,0.16666666666666666,0.05855610025741261,0,1,0,0,0,0,0,0,0,0,1,0,0,0,1
581,1,0.0,0.4847951746670017,0.125,0.16666666666666666,0.21642978772242535,0,1,0,0,0,1,0,0,0,0,0,0,1,0,0
582,0,0.5,0.6732847449107816,0.0,0.0,0.050748620223090936,0,0,1,0,0,0,0,0,0,0,1,0,0,0,1
583,0,0.0,0.4470972606182458,0.0,0.0,0.07831878409428937,0,0,1,1,0,0,0,0,0,0,0,0,1,0,0
584,0,1.0,0.36792055349407915,0.0,0.0,0.017005667449756914,0,0,1,0,0,0,0,0,0,0,1,0,1,0,0
585,1,0.0,0.22090977632570996,0.0,0.3333333333333333,0.1554664461834305,0,1,0,0,0,0,0,1,0,0,0,0,0,0,1
586,0,0.5,0.5853229454636844,0.0,0.0,0.029278050128706306,0,0,1,0,0,0,0,0,0,0,1,0,0,0,1
587,1,0.0,0.7486805730082935,0.125,0.16666666666666666,0.15458810467956932,0,0,1,0,1,0,0,0,0,0,0,0,1,0,0
588,0,1.0,0.2711736617240513,0.0,0.0,0.015712553569072387,0,0,1,0,0,0,0,0,0,0,1,0,0,0,1
589,0,1.0,0.36792055349407915,0.0,0.0,0.015712553569072387,0,0,1,0,0,0,0,0,0,0,1,0,0,0,1
590,0,1.0,0.43453128926866047,0.0,0.0,0.013907073811135496,0,0,1,0,0,0,0,0,0,0,1,0,0,0,1
591,1,0.0,0.648152802211611,0.125,0.0,0.1527664244005612,0,1,0,0,0,0,1,0,0,0,0,0,1,0,0
592,0,1.0,0.5853229454636844,0.0,0.0,0.014151057562208049,0,0,1,0,0,0,0,0,0,0,1,0,0,0,1
593,0,1.0,0.36792055349407915,0.0,0.3333333333333333,0.015126992566498259,0,1,0,0,0,0,0,0,0,0,1,0,0,1,0
594,0,0.5,0.4596632319678311,0.125,0.0,0.050748620223090936,0,0,1,0,0,0,0,0,0,0,1,0,0,0,1
595,0,1.0,0.4470972606182458,0.125,0.16666666666666666,0.04713766070721715,0,0,1,0,0,0,0,0,0,0,1,0,0,0,1
596,1,0.5,0.36792055349407915,0.0,0.0,0.06441171028315387,0,1,0,0,0,0,0,0,0,0,1,0,0,0,1
597,0,1.0,0.610454888162855,0.0,0.0,0.0,0,0,1,0,0,0,0,0,0,0,1,0,0,0,1
598,0,1.0,0.36792055349407915,0.0,0.0,0.014102260811993537,0,0,1,0,0,0,0,0,0,0,1,0,1,0,0
599,1,0.0,0.610454888162855,0.125,0.0,0.11111839809247648,1,0,1,1,0,0,0,0,0,0,0,0,1,0,0
600,1,0.5,0.2963056044232219,0.25,0.16666666666666666,0.05270049023167135,0,1,0,0,0,0,0,0,0,0,1,0,0,0,1
601,0,1.0,0.36792055349407915,0.0,0.0,0.015411575213749284,0,0,1,0,0,0,0,0,0,0,1,0,0,0,1
602,0,0.0,0.36792055349407915,0.0,0.0,0.08275928836380983,0,0,1,0,0,0,0,0,0,0,1,0,0,0,1
603,0,1.0,0.5476250314149284,0.0,0.0,0.015712553569072387,0,0,1,0,0,0,0,0,0,0,1,0,0,0,1
604,1,0.0,0.43453128926866047,0.0,0.0,0.051822148727810165,0,0,1,0,0,0,0,0,0,0,1,0,1,0,0
605,0,1.0,0.4470972606182458,0.125,0.0,0.030351578633425542,0,0,1,0,0,0,0,0,0,0,1,0,0,0,1
606,0,1.0,0.37170143252073384,0.0,0.0,0.015411575213749284,0,0,1,0,0,0,0,0,0,0,1,0,0,0,1
607,1,0.0,0.33400351847197784,0.0,0.0,0.05953203526170282,0,0,1,0,0,0,0,0,0,0,1,0,0,0,1
608,1,0.5,0.2711736617240513,0.125,0.3333333333333333,0.08115719346076702,0,1,0,0,0,0,0,0,0,0,1,0,1,0,0
609,1,0.0,0.4973611460165871,0.0,0.0,0.2995388511917728,0,1,0,0,0,1,0,0,0,0,0,0,0,0,1
610,0,1.0,0.4847951746670017,0.125,0.8333333333333334,0.06104473451835265,0,1,0,0,0,0,0,0,0,0,1,0,0,0,1
611,0,1.0,0.36792055349407915,0.0,0.0,0.013760683560491965,0,0,1,0,0,0,0,0,0,0,1,0,0,0,1
612,1,1.0,0.36792055349407915,0.125,0.0,0.030253985132996517,0,1,0,0,0,0,0,0,0,0,1,0,0,1,0
613,0,1.0,0.36792055349407915,0.0,0.0,0.015126992566498259,0,0,1,0,0,0,0,0,0,0,1,0,0,1,0
614,0,1.0,0.43453128926866047,0.0,0.0,0.015712553569072387,0,0,1,0,0,0,0,0,0,0,1,0,0,0,1
615,1,0.5,0.2963056044232219,0.125,0.3333333333333333,0.12687155055772734,0,1,0,0,0,0,0,0,0,0,1,0,0,0,1
616,0,1.0,0.42196531791907516,0.125,0.16666666666666666,0.028106928123558056,0,0,1,0,0,0,0,0,0,0,1,0,0,0,1
617,0,1.0,0.32143754712239253,0.125,0.0,0.031425107138144774,0,1,0,0,0,0,0,0,0,0,1,0,0,0,1
618,1,0.5,0.04498617743151546,0.25,0.16666666666666666,0.0761229303346364,0,1,0,0,0,0,0,0,1,0,0,0,0,0,1
619,0,0.5,0.32143754712239253,0.0,0.0,0.020494635090094415,0,0,1,0,0,0,0,0,0,0,1,0,0,0,1
620,0,1.0,0.33400351847197784,0.125,0.0,0.028212719478023115,0,0,1,0,0,0,0,0,0,0,1,0,1,0,0
621,1,0.0,0.5224930887157577,0.125,0.0,0.10257896680493714,0,0,1,0,0,0,1,0,0,0,0,0,0,0,1
622,1,1.0,0.24604171902488062,0.125,0.16666666666666666,0.030725752114070404,0,0,1,0,0,0,0,0,0,0,1,0,1,0,0
623,0,1.0,0.2586076903744659,0.0,0.0,0.015330377421392339,0,0,1,0,0,0,0,0,0,0,1,0,0,0,1
624,0,1.0,0.2586076903744659,0.0,0.0,0.031425107138144774,0,0,1,0,0,0,0,0,0,0,1,0,0,0,1
625,0,0.0,0.7612465443578789,0.0,0.0,0.06308600017332605,0,0,1,0,0,0,1,0,0,0,0,0,0,0,1
626,0,0.5,0.7109826589595376,0.0,0.0,0.024105594605968193,1,0,1,0,0,0,0,0,0,0,1,0,0,1,0
627,1,0.0,0.2586076903744659,0.0,0.0,0.15216446768991498,0,1,0,0,0,0,1,0,0,0,0,0,0,0,1
628,0,1.0,0.32143754712239253,0.0,0.0,0.015411575213749284,0,0,1,0,0,0,0,0,0,0,1,0,0,0,1
629,0,1.0,0.36792055349407915,0.0,0.0,0.015094396337354966,0,0,1,0,0,0,0,0,0,0,1,0,0,1,0
630,1,0.0,1.0,0.0,0.0,0.05855610025741261,0,0,1,1,0,0,0,0,0,0,0,0,0,0,1
631,0,1.0,0.6355868308620256,0.0,0.0,0.013768881414528002,0,0,1,0,0,0,0,0,0,0,1,0,0,0,1
632,1,0.0,0.39683337521990447,0.0,0.0,0.05953203526170282,1,0,1,0,1,0,0,0,0,0,0,0,1,0,0
633,0,0.0,0.36792055349407915,0.0,0.0,0.0,0,0,1,0,0,0,0,0,0,0,1,0,0,0,1
634,0,1.0,0.10781603417944208,0.375,0.3333333333333333,0.05445717323939373,0,1,0,0,0,0,0,0,0,0,1,0,0,0,1
635,1,0.5,0.3465694898215632,0.0,0.0,0.025374310111545468,0,1,0,0,0,0,0,0,0,0,1,0,0,0,1
636,0,1.0,0.39683337521990447,0.0,0.0,0.015468569817999833,0,0,1,0,0,0,0,0,0,0,1,0,0,0,1
637,0,0.5,0.38426740387031916,0.125,0.16666666666666666,0.05123658772523604,0,0,1,0,0,0,0,0,0,0,1,0,0,0,1
638,0,1.0,0.5099271173661724,0.0,0.8333333333333334,0.07746484096553544,0,1,0,0,0,0,0,0,0,0,1,0,0,0,1
639,0,1.0,0.36792055349407915,0.125,0.0,0.031425107138144774,0,0,1,0,0,0,0,0,0,0,1,0,0,0,1
640,0,1.0,0.24604171902488062,0.0,0.0,0.015330377421392339,0,0,1,0,0,0,0,0,0,0,1,0,0,0,1
641,1,0.0,0.2963056044232219,0.0,0.0,0.13526459159462315,1,1,0,0,1,0,0,0,0,0,0,0,1,0,0
642,0,1.0,0.01985423473234481,0.375,0.3333333333333333,0.05445717323939373,0,1,0,0,0,0,0,0,0,0,1,0,0,0,1
643,1,1.0,0.36792055349407915,0.0,0.0,0.11027245763075773,0,0,1,0,0,0,0,0,0,0,1,0,0,0,1
644,1,1.0,0.004146770545363157,0.25,0.16666666666666666,0.03758969818624431,0,1,0,0,0,0,0,0,0,0,1,0,1,0,0
645,1,0.0,0.5978889168132696,0.125,0.0,0.1497654242623688,0,0,1,0,0,0,1,0,0,0,0,0,1,0,0
646,0,1.0,0.23347574767529528,0.0,0.0,0.015411575213749284,0,0,1,0,0,0,0,0,0,0,1,0,0,0,1
647,1,0.0,0.6984166876099522,0.0,0.0,0.06929138530460492,1,0,1,1,0,0,0,0,0,0,0,0,1,0,0
648,0,1.0,0.36792055349407915,0.0,0.0,0.014736618564782174,0,0,1,0,0,0,0,0,0,0,1,0,0,0,1
649,1,1.0,0.2837396330736366,0.0,0.0,0.014736618564782174,0,1,0,0,0,0,0,0,0,0,1,0,0,0,1
650,0,1.0,0.36792055349407915,0.0,0.0,0.015411575213749284,0,0,1,0,0,0,0,0,0,0,1,0,0,0,1
651,1,0.5,0.22090977632570996,0.0,0.16666666666666666,0.04489301019734967,0,1,0,0,0,0,0,0,0,0,1,0,0,0,1
652,0,1.0,0.2586076903744659,0.0,0.0,0.01646070534336126,0,0,1,0,0,0,0,0,0,0,1,0,0,0,1
653,1,1.0,0.36792055349407915,0.0,0.0,0.015281580671177828,0,1,0,0,0,0,0,0,0,0,1,0,0,1,0
654,0,1.0,0.22090977632570996,0.0,0.0,0.013175122557917838,0,1,0,0,0,0,0,0,0,0,1,0,0,1,0
655,0,0.5,0.2963056044232219,0.25,0.0,0.1434624456306609,0,0,1,0,0,0,0,0,0,0,1,0,0,0,1
656,0,1.0,0.36792055349407915,0.0,0.0,0.015411575213749284,0,0,1,0,0,0,0,0,0,0,1,0,0,0,1
657,0,1.0,0.39683337521990447,0.125,0.16666666666666666,0.030253985132996517,0,1,0,0,0,0,0,0,0,0,1,0,0,1,0
658,0,0.5,0.2837396330736366,0.0,0.0,0.025374310111545468,0,0,1,0,0,0,0,0,0,0,1,0,0,0,1
659,0,0.0,0.7235486303091229,0.0,0.3333333333333333,0.22109807522194713,0,0,1,0,0,0,1,0,0,0,0,0,1,0,0
660,1,0.0,0.6230208595124404,0.25,0.0,0.2608674266467732,1,0,1,0,0,0,0,0,0,0,1,0,0,0,1
661,0,1.0,0.4973611460165871,0.0,0.0,0.014102260811993537,0,0,1,0,0,0,0,0,0,0,1,0,1,0,0
662,0,0.0,0.5853229454636844,0.0,0.0,0.04994347384455151,0,0,1,0,0,0,0,1,0,0,0,0,0,0,1
663,0,1.0,0.4470972606182458,0.0,0.0,0.014630827210317115,0,0,1,0,0,0,0,0,0,0,1,0,0,0,1
664,1,1.0,0.24604171902488062,0.125,0.0,0.015468569817999833,0,0,1,0,0,0,0,0,0,0,1,0,0,0,1
665,0,0.5,0.39683337521990447,0.25,0.0,0.1434624456306609,0,0,1,0,0,0,0,0,0,0,1,0,0,0,1
666,0,0.5,0.3088715757728072,0.0,0.0,0.025374310111545468,0,0,1,0,0,0,0,0,0,0,1,0,0,0,1
667,0,1.0,0.36792055349407915,0.0,0.0,0.015175789316712771,0,0,1,0,0,0,0,0,0,0,1,0,0,0,1
668,0,1.0,0.5350590600653431,0.0,0.0,0.015712553569072387,0,0,1,0,0,0,0,0,0,0,1,0,0,0,1
669,1,0.0,0.36792055349407915,0.125,0.0,0.10149724044618187,0,1,0,0,0,1,0,0,0,0,0,0,0,0,1
670,1,0.5,0.4973611460165871,0.125,0.16666666666666666,0.0761229303346364,0,1,0,0,0,0,0,0,0,0,1,0,0,0,1
671,0,0.0,0.38426740387031916,0.125,0.0,0.10149724044618187,0,0,1,0,1,0,0,0,0,0,0,0,0,0,1
672,0,0.5,0.8743402865041467,0.0,0.0,0.020494635090094415,0,0,1,0,0,0,0,0,0,0,1,0,0,0,1
673,1,0.5,0.38426740387031916,0.0,0.0,0.025374310111545468,0,0,1,0,0,0,0,0,0,0,1,0,0,0,1
674,0,0.5,0.36792055349407915,0.0,0.0,0.0,0,0,1,0,0,0,0,0,0,0,1,0,0,0,1
675,0,1.0,0.22090977632570996,0.0,0.0,0.015175789316712771,0,0,1,0,0,0,0,0,0,0,1,0,0,0,1
676,0,1.0,0.3025885900980146,0.0,0.0,0.015712553569072387,0,0,1,0,0,0,0,0,0,0,1,0,0,0,1
677,1,1.0,0.22090977632570996,0.0,0.0,0.019209719063445922,0,1,0,0,0,0,0,0,0,0,1,0,0,0,1
678,0,1.0,0.5350590600653431,0.125,1.0,0.09154270340242172,0,1,0,0,0,0,0,0,0,0,1,0,0,0,1
679,1,0.0,0.4470972606182458,0.0,0.16666666666666666,1.0,0,0,1,0,1,0,0,0,0,0,0,0,1,0,0
680,0,1.0,0.36792055349407915,0.0,0.0,0.01588334219482317,0,1,0,0,0,0,0,0,0,0,1,0,0,1,0
681,1,0.0,0.33400351847197784,0.0,0.0,0.1497654242623688,0,0,1,0,0,0,1,0,0,0,0,0,1,0,0
682,0,1.0,0.24604171902488062,0.0,0.0,0.01800600082915438,0,0,1,0,0,0,0,0,0,0,1,0,0,0,1
683,0,1.0,0.17064589092736868,0.625,0.3333333333333333,0.09154270340242172,0,0,1,0,0,0,0,0,0,0,1,0,0,0,1
684,0,0.5,0.7486805730082935,0.125,0.16666666666666666,0.0761229303346364,0,0,1,0,0,0,0,0,0,0,1,0,0,0,1
685,0,0.5,0.3088715757728072,0.125,0.3333333333333333,0.08115719346076702,0,0,1,0,0,0,0,0,0,0,1,0,1,0,0
686,0,1.0,0.17064589092736868,0.5,0.16666666666666666,0.07746484096553544,0,0,1,0,0,0,0,0,0,0,1,0,0,0,1
687,0,1.0,0.23347574767529528,0.0,0.0,0.019852079483269742,0,0,1,0,0,0,0,0,0,0,1,0,0,0,1
688,0,1.0,0.22090977632570996,0.0,0.0,0.015216388212891242,0,0,1,0,0,0,0,0,0,0,1,0,0,0,1
689,1,0.0,0.18321186227695402,0.0,0.16666666666666666,0.41250332793836464,0,1,0,0,1,0,0,0,0,0,0,0,0,0,1
690,1,0.0,0.38426740387031916,0.125,0.0,0.11125659048908397,0,0,1,0,1,0,0,0,0,0,0,0,0,0,1
691,1,1.0,0.04498617743151546,0.0,0.16666666666666666,0.026187654344120927,0,1,0,0,0,0,0,0,0,0,1,0,1,0,0
692,1,1.0,0.36792055349407915,0.0,0.0,0.11027245763075773,0,0,1,0,0,0,0,0,0,0,1,0,0,0,1
693,0,1.0,0.3088715757728072,0.0,0.0,0.014102260811993537,0,0,1,0,0,0,0,0,0,0,1,0,1,0,0
694,0,0.0,0.7486805730082935,0.0,0.0,0.051822148727810165,1,0,1,0,0,0,0,0,0,0,1,0,0,0,1
695,0,0.5,0.648152802211611,0.0,0.0,0.026350245115835676,0,0,1,0,0,0,0,0,0,0,1,0,0,0,1
696,0,1.0,0.5476250314149284,0.0,0.0,0.015712553569072387,0,0,1,0,0,0,0,0,0,0,1,0,0,0,1
697,1,1.0,0.36792055349407915,0.0,0.0,0.015094396337354966,0,1,0,0,0,0,0,0,0,0,1,0,0,1,0
698,0,0.0,0.610454888162855,0.125,0.16666666666666666,0.21642978772242535,0,0,1,0,0,1,0,0,0,0,0,0,1,0,0
699,0,1.0,0.5224930887157577,0.0,0.0,0.014931805565640218,0,0,1,0,0,0,0,0,1,0,0,0,0,0,1
700,1,0.0,0.22090977632570996,0.125,0.0,0.4440992237022602,0,1,0,0,0,1,0,0,0,0,0,0,1,0,0
701,1,0.0,0.43453128926866047,0.0,0.0,0.05130978285055781,0,0,1,0,0,0,0,1,0,0,0,0,0,0,1
702,0,1.0,0.22090977632570996,0.0,0.16666666666666666,0.028212719478023115,0,1,0,0,0,0,0,0,0,0,1,0,1,0,0
703,0,1.0,0.3088715757728072,0.0,0.0,0.01511079204542704,0,0,1,0,0,0,0,0,0,0,1,0,0,1,0
704,0,1.0,0.32143754712239253,0.125,0.0,0.015330377421392339,0,0,1,0,0,0,0,0,0,0,1,0,0,0,1
705,0,0.5,0.4847951746670017,0.0,0.0,0.050748620223090936,0,0,1,0,0,0,0,0,0,0,1,0,0,0,1
706,1,0.5,0.5601910027645137,0.0,0.0,0.026350245115835676,0,1,0,0,0,0,0,0,0,0,1,0,0,0,1
707,1,0.0,0.5224930887157577,0.0,0.0,0.05130978285055781,0,0,1,0,0,0,0,1,0,0,0,0,0,0,1
708,1,0.0,0.2711736617240513,0.0,0.0,0.29580589980036276,0,1,0,0,0,0,0,0,0,0,1,0,0,0,1
709,1,1.0,0.36792055349407915,0.125,0.16666666666666666,0.029757819776815374,1,0,1,0,0,0,0,0,0,0,1,0,1,0,0
710,1,0.0,0.2963056044232219,0.0,0.0,0.09662576327876685,1,1,0,0,0,1,0,0,0,0,0,0,1,0,0
711,0,0.0,0.36792055349407915,0.0,0.0,0.051822148727810165,0,0,1,0,0,1,0,0,0,0,0,0,0,0,1
712,1,0.0,0.5978889168132696,0.125,0.0,0.10149724044618187,0,0,1,0,0,1,0,0,0,0,0,0,0,0,1
713,0,1.0,0.35913546117114853,0.0,0.0,0.018510168852370702,0,0,1,0,0,0,0,0,0,0,1,0,0,0,1
714,0,0.5,0.648152802211611,0.0,0.0,0.025374310111545468,0,0,1,0,0,0,0,0,0,0,1,0,0,0,1
715,0,1.0,0.23347574767529528,0.0,0.0,0.014931805565640218,0,0,1,0,0,0,0,0,1,0,0,0,0,0,1
716,1,0.0,0.4722292033174164,0.0,0.0,0.4440992237022602,0,1,0,0,0,1,0,0,0,0,0,0,1,0,0
717,1,0.5,0.33400351847197784,0.0,0.0,0.020494635090094415,0,1,0,0,0,0,0,1,0,0,0,0,0,0,1
718,0,1.0,0.36792055349407915,0.0,0.0,0.030253985132996517,0,0,1,0,0,0,0,0,0,0,1,0,0,1,0
719,0,1.0,0.4093993465694898,0.0,0.0,0.015175789316712771,0,0,1,0,0,0,0,0,0,0,1,0,0,0,1
720,1,0.5,0.0701181201306861,0.0,0.16666666666666666,0.06441171028315387,0,1,0,0,0,0,0,0,0,0,1,0,0,0,1
721,0,1.0,0.20834380497612465,0.125,0.0,0.013768881414528002,0,0,1,0,0,0,0,0,0,0,1,0,0,0,1
722,0,0.5,0.42196531791907516,0.0,0.0,0.025374310111545468,0,0,1,0,0,0,0,0,0,0,1,0,0,0,1
723,0,0.5,0.6230208595124404,0.0,0.0,0.025374310111545468,0,0,1,0,0,0,0,0,0,0,1,0,0,0,1
724,1,0.0,0.33400351847197784,0.125,0.0,0.10364429745562033,0,0,1,0,0,0,0,1,0,0,0,0,0,0,1
725,0,1.0,0.24604171902488062,0.0,0.0,0.016908073949327893,0,0,1,0,0,0,0,0,0,0,1,0,0,0,1
726,1,0.5,0.37170143252073384,0.375,0.0,0.04098927018018883,0,1,0,0,0,0,0,0,0,0,1,0,0,0,1
727,1,1.0,0.36792055349407915,0.0,0.0,0.015102594191391002,0,1,0,0,0,0,0,0,0,0,1,0,0,1,0
728,0,0.5,0.3088715757728072,0.125,0.0,0.050748620223090936,0,0,1,0,0,0,0,0,0,0,1,0,0,0,1
729,0,1.0,0.3088715757728072,0.125,0.0,0.015468569817999833,0,1,0,0,0,0,0,0,0,0,1,0,0,0,1
730,1,0.0,0.35913546117114853,0.0,0.0,0.41250332793836464,0,1,0,0,1,0,0,0,0,0,0,0,0,0,1
731,0,1.0,0.13294797687861273,0.0,0.0,0.036670757786204655,0,0,1,0,0,0,0,0,0,0,1,0,1,0,0
732,0,0.5,0.36792055349407915,0.0,0.0,0.0,0,0,1,0,0,0,0,0,0,0,1,0,0,0,1
733,0,0.5,0.2837396330736366,0.0,0.0,0.025374310111545468,0,0,1,0,0,0,0,0,0,0,1,0,0,0,1
734,0,0.5,0.2837396330736366,0.0,0.0,0.025374310111545468,0,0,1,0,0,0,0,0,0,0,1,0,0,0,1
735,0,1.0,0.35285247549635584,0.0,0.0,0.031425107138144774,0,0,1,0,0,0,0,0,0,0,1,0,0,0,1
736,0,1.0,0.5978889168132696,0.125,0.5,0.06709553154495196,0,1,0,0,0,0,0,0,0,0,1,0,0,0,1
737,1,0.0,0.43453128926866047,0.0,0.0,1.0,0,0,1,0,1,0,0,0,0,0,0,0,1,0,0
738,0,1.0,0.36792055349407915,0.0,0.0,0.015411575213749284,0,0,1,0,0,0,0,0,0,0,1,0,0,0,1
739,0,1.0,0.36792055349407915,0.0,0.0,0.015411575213749284,0,0,1,0,0,0,0,0,0,0,1,0,0,0,1
740,1,0.0,0.36792055349407915,0.0,0.0,0.05855610025741261,0,0,1,0,0,0,1,0,0,0,0,0,0,0,1
741,0,0.0,0.4470972606182458,0.125,0.0,0.15390495017656614,0,0,1,0,0,1,0,0,0,0,0,0,0,0,1
742,1,0.0,0.2586076903744659,0.25,0.3333333333333333,0.5121218935012878,0,1,0,0,1,0,0,0,0,0,0,0,1,0,0
743,0,1.0,0.2963056044232219,0.125,0.0,0.031425107138144774,0,0,1,0,0,0,0,0,0,0,1,0,0,0,1
744,1,1.0,0.38426740387031916,0.0,0.0,0.015468569817999833,0,0,1,0,0,0,0,0,0,0,1,0,0,0,1
745,0,0.0,0.8743402865041467,0.125,0.16666666666666666,0.13858277060920984,1,0,1,0,1,0,0,0,0,0,0,0,0,0,1
746,0,1.0,0.19577783362653933,0.125,0.16666666666666666,0.03952536767375352,0,0,1,0,0,0,0,0,0,0,1,0,0,0,1
747,1,0.5,0.37170143252073384,0.0,0.0,0.025374310111545468,0,1,0,0,0,0,0,0,0,0,1,0,0,0,1
748,0,0.0,0.23347574767529528,0.125,0.0,0.10364429745562033,0,0,1,0,0,0,1,0,0,0,0,0,0,0,1
749,0,1.0,0.38426740387031916,0.0,0.0,0.015126992566498259,0,0,1,0,0,0,0,0,0,0,1,0,0,1,0
750,1,0.5,0.04498617743151546,0.125,0.16666666666666666,0.04489301019734967,0,1,0,0,0,0,0,0,0,0,1,0,0,0,1
751,1,1.0,0.0701181201306861,0.0,0.16666666666666666,0.024349578357040744,1,0,1,0,0,0,0,1,0,0,0,0,0,0,1
752,0,1.0,0.4093993465694898,0.0,0.0,0.018542765081513996,0,0,1,0,0,0,0,0,0,0,1,0,0,0,1
753,0,1.0,0.2837396330736366,0.0,0.0,0.015411575213749284,0,0,1,0,0,0,0,0,0,0,1,0,0,0,1
754,1,0.5,0.5978889168132696,0.125,0.3333333333333333,0.12687155055772734,0,1,0,0,0,0,0,0,0,0,1,0,0,0,1
755,1,0.5,0.0031414928373963316,0.125,0.16666666666666666,0.028302115124416098,1,0,1,0,0,0,0,0,0,0,1,0,0,0,1
756,0,1.0,0.3465694898215632,0.0,0.0,0.015216388212891242,0,0,1,0,0,0,0,0,0,0,1,0,0,0,1
757,0,0.5,0.22090977632570996,0.0,0.0,0.022446505098674834,0,0,1,0,0,0,0,0,0,0,1,0,0,0,1
758,0,1.0,0.42196531791907516,0.0,0.0,0.015712553569072387,0,0,1,0,0,0,0,0,0,0,1,0,0,0,1
759,1,0.0,0.4093993465694898,0.0,0.0,0.16883675574220638,1,1,0,0,1,0,0,0,0,0,0,0,0,0,1
760,0,1.0,0.36792055349407915,0.0,0.0,0.028302115124416098,0,0,1,0,0,0,0,0,0,0,1,0,0,0,1
761,0,1.0,0.5099271173661724,0.0,0.0,0.013907073811135496,0,0,1,0,0,0,0,0,0,0,1,0,0,0,1
762,1,1.0,0.24604171902488062,0.0,0.0,0.014110458666029575,0,0,1,0,0,0,0,0,0,0,1,0,1,0,0
763,1,0.0,0.4470972606182458,0.125,0.3333333333333333,0.23422440102965045,0,1,0,0,1,0,0,0,0,0,0,0,0,0,1
764,0,1.0,0.19577783362653933,0.0,0.0,0.015175789316712771,0,0,1,0,0,0,0,0,0,0,1,0,0,0,1
765,1,0.0,0.6355868308620256,0.125,0.0,0.15216446768991498,0,1,0,0,0,0,1,0,0,0,0,0,0,0,1
766,0,0.0,0.36792055349407915,0.0,0.0,0.07729405233978466,1,0,1,0,0,0,0,0,0,0,1,0,1,0,0
767,0,1.0,0.37798441819552653,0.0,0.0,0.015126992566498259,0,1,0,0,0,0,0,0,0,0,1,0,0,1,0
768,0,1.0,0.36792055349407915,0.125,0.0,0.04713766070721715,0,0,1,0,0,0,0,0,0,0,1,0,0,1,0
769,0,1.0,0.39683337521990447,0.0,0.0,0.016322512946753766,0,0,1,0,0,0,0,0,0,0,1,0,0,0,1
770,0,1.0,0.2963056044232219,0.0,0.0,0.018542765081513996,0,0,1,0,0,0,0,0,0,0,1,0,0,0,1
771,0,1.0,0.5978889168132696,0.0,0.0,0.015330377421392339,0,0,1,0,0,0,0,0,0,0,1,0,0,0,1
772,0,0.5,0.7109826589595376,0.0,0.0,0.020494635090094415,0,1,0,0,0,0,0,1,0,0,0,0,0,0,1
773,0,1.0,0.36792055349407915,0.0,0.0,0.014102260811993537,0,0,1,0,0,0,0,0,0,0,1,0,1,0,0
774,1,0.5,0.6732847449107816,0.125,0.5,0.04489301019734967,0,1,0,0,0,0,0,0,0,0,1,0,0,0,1
775,0,1.0,0.22090977632570996,0.0,0.0,0.015126992566498259,0,0,1,0,0,0,0,0,0,0,1,0,0,0,1
776,0,1.0,0.36792055349407915,0.0,0.0,0.015126992566498259,0,0,1,0,0,0,0,0,1,0,0,0,0,1,0
777,1,1.0,0.05755214878110078,0.0,0.0,0.024349578357040744,0,1,0,0,0,0,0,0,0,0,1,0,0,0,1
778,0,1.0,0.36792055349407915,0.0,0.0,0.015102594191391002,0,0,1,0,0,0,0,0,0,0,1,0,0,1,0
779,1,0.0,0.5350590600653431,0.0,0.16666666666666666,0.41250332793836464,0,1,0,0,1,0,0,0,0,0,0,0,0,0,1
780,1,1.0,0.15807991957778336,0.0,0.0,0.014110458666029575,0,1,0,0,0,0,0,0,0,0,1,0,1,0,0
781,1,0.0,0.20834380497612465,0.125,0.0,0.11125659048908397,0,1,0,0,1,0,0,0,0,0,0,0,0,0,1
782,0,0.0,0.35913546117114853,0.0,0.0,0.05855610025741261,0,0,1,0,0,0,1,0,0,0,0,0,0,0,1
783,0,1.0,0.36792055349407915,0.125,0.3333333333333333,0.04577135170121086,0,0,1,0,0,0,0,0,0,0,1,0,0,0,1
784,0,1.0,0.3088715757728072,0.0,0.0,0.013760683560491965,0,0,1,0,0,0,0,0,0,0,1,0,0,0,1
785,0,1.0,0.3088715757728072,0.0,0.0,0.014151057562208049,0,0,1,0,0,0,0,0,0,0,1,0,0,0,1
786,1,1.0,0.22090977632570996,0.0,0.0,0.014630827210317115,0,1,0,0,0,0,0,0,0,0,1,0,0,0,1
787,0,1.0,0.09525006282985675,0.5,0.16666666666666666,0.056848213999904744,1,0,1,0,0,0,0,0,0,0,1,0,0,1,0
788,1,1.0,0.007288263382759489,0.125,0.3333333333333333,0.04015972542654215,1,0,1,0,0,0,0,0,0,0,1,0,0,0,1
789,0,0.0,0.572756974114099,0.0,0.0,0.15458810467956932,0,0,1,0,1,0,0,0,0,0,0,0,1,0,0
790,0,1.0,0.36792055349407915,0.0,0.0,0.015126992566498259,0,0,1,0,0,0,0,0,0,0,1,0,0,1,0
791,0,0.5,0.19577783362653933,0.0,0.0,0.050748620223090936,0,0,1,0,0,0,0,0,0,0,1,0,0,0,1
792,0,1.0,0.36792055349407915,1.0,0.3333333333333333,0.13575255909676823,0,1,0,0,0,0,0,0,0,0,1,0,0,0,1
793,0,0.0,0.36792055349407915,0.0,0.0,0.05991421140938287,0,0,1,0,0,0,0,0,0,0,1,0,1,0,0
794,0,1.0,0.3088715757728072,0.0,0.0,0.015411575213749284,0,0,1,0,0,0,0,0,0,0,1,0,0,0,1
795,0,0.5,0.4847951746670017,0.0,0.0,0.025374310111545468,0,0,1,0,0,0,0,0,0,0,1,0,0,0,1
796,1,0.0,0.610454888162855,0.0,0.0,0.050610427826483444,1,1,0,0,0,0,1,0,0,0,0,0,0,0,1
797,1,1.0,0.38426740387031916,0.0,0.0,0.016948672845506364,0,1,0,0,0,0,0,0,0,0,1,0,0,0,1
798,0,1.0,0.37170143252073384,0.0,0.0,0.014110458666029575,0,0,1,0,0,0,0,0,0,0,1,0,1,0,0
799,0,1.0,0.37170143252073384,0.125,0.16666666666666666,0.04713766070721715,0,1,0,0,0,0,0,0,0,0,1,0,0,0,1
800,0,0.5,0.42196531791907516,0.0,0.0,0.025374310111545468,0,0,1,0,0,0,0,0,0,0,1,0,0,0,1
801,1,0.5,0.38426740387031916,0.125,0.16666666666666666,0.05123658772523604,0,1,0,0,0,0,0,0,0,0,1,0,0,0,1
802,1,0.0,0.13294797687861273,0.125,0.3333333333333333,0.23422440102965045,1,0,1,0,1,0,0,0,0,0,0,0,0,0,1
803,1,1.0,0.0,0.0,0.16666666666666666,0.016623491302076868,1,0,1,0,0,0,0,0,0,0,1,0,1,0,0
804,1,1.0,0.33400351847197784,0.0,0.0,0.013614293309848433,0,0,1,0,0,0,0,0,0,0,1,0,0,0,1
805,0,1.0,0.38426740387031916,0.0,0.0,0.015175789316712771,0,0,1,0,0,0,0,0,0,0,1,0,0,0,1
806,0,0.0,0.4847951746670017,0.0,0.0,0.0,0,0,1,1,0,0,0,0,0,0,0,0,0,0,1
807,0,1.0,0.22090977632570996,0.0,0.0,0.015175789316712771,0,1,0,0,0,0,0,0,0,0,1,0,0,0,1
808,0,0.5,0.4847951746670017,0.0,0.0,0.025374310111545468,0,0,1,0,0,0,0,0,0,0,1,0,0,0,1
809,1,0.0,0.4093993465694898,0.125,0.0,0.10364429745562033,0,1,0,0,0,0,0,1,0,0,0,0,0,0,1
810,0,1.0,0.32143754712239253,0.0,0.0,0.015395374692678068,0,0,1,0,0,0,0,0,0,0,1,0,0,0,1
811,0,1.0,0.4847951746670017,0.0,0.0,0.04713766070721715,0,0,1,0,0,0,0,0,0,0,1,0,0,0,1
812,0,0.5,0.43453128926866047,0.0,0.0,0.020494635090094415,0,0,1,0,0,0,0,0,0,0,1,0,0,0,1
813,0,1.0,0.0701181201306861,0.5,0.3333333333333333,0.06104473451835265,0,1,0,0,0,0,0,0,0,0,1,0,0,0,1
814,0,1.0,0.37798441819552653,0.0,0.0,0.015712553569072387,0,0,1,0,0,0,0,0,0,0,1,0,0,0,1
815,0,0.0,0.36792055349407915,0.0,0.0,0.0,0,0,1,0,1,0,0,0,0,0,0,0,0,0,1
816,0,1.0,0.2837396330736366,0.0,0.0,0.015468569817999833,0,1,0,0,0,0,0,0,0,0,1,0,0,0,1
817,0,0.5,0.38426740387031916,0.125,0.16666666666666666,0.07222738817151159,0,0,1,0,0,0,0,0,0,0,1,0,1,0,0
818,0,1.0,0.5350590600653431,0.0,0.0,0.012589561555343713,0,0,1,0,0,0,0,0,0,0,1,0,0,0,1
819,0,1.0,0.12038200552902739,0.375,0.3333333333333333,0.05445717323939373,1,0,1,0,0,0,0,0,0,0,1,0,0,0,1
820,1,0.0,0.648152802211611,0.125,0.16666666666666666,0.18249984580226933,0,1,0,0,1,0,0,0,0,0,0,0,0,0,1
821,1,1.0,0.33400351847197784,0.0,0.0,0.016908073949327893,0,0,1,0,0,0,0,0,0,0,1,0,0,0,1
822,0,0.0,0.4722292033174164,0.0,0.0,0.0,1,0,1,0,0,0,0,0,0,0,1,0,0,0,1
823,1,1.0,0.33400351847197784,0.0,0.16666666666666666,0.024349578357040744,0,1,0,0,0,0,0,1,0,0,0,0,0,0,1
824,0,1.0,0.01985423473234481,0.5,0.16666666666666666,0.07746484096553544,1,0,1,0,0,0,0,0,0,0,1,0,0,0,1
825,0,1.0,0.36792055349407915,0.0,0.0,0.013565496559633922,0,0,1,0,0,0,0,0,0,0,1,0,0,1,0
826,0,1.0,0.36792055349407915,0.0,0.0,0.11027245763075773,0,0,1,0,0,0,0,0,0,0,1,0,0,0,1
827,1,0.5,0.007288263382759489,0.0,0.3333333333333333,0.07222738817151159,1,0,1,0,0,0,0,0,0,0,1,0,1,0,0
828,1,1.0,0.36792055349407915,0.0,0.0,0.015126992566498259,0,0,1,0,0,0,0,0,0,0,1,0,0,1,0
829,1,0.0,0.7738125157074642,0.0,0.0,0.15614960068643363,0,1,0,0,1,0,0,0,0,0,0,0,0,0,1
830,1,1.0,0.18321186227695402,0.125,0.0,0.028212719478023115,0,1,0,0,0,0,0,0,0,0,1,0,1,0,0
831,1,0.5,0.005152048253329982,0.125,0.16666666666666666,0.03659756266088288,1,0,1,0,0,0,0,0,0,0,1,0,0,0,1
832,0,1.0,0.36792055349407915,0.0,0.0,0.014110458666029575,0,0,1,0,0,0,0,0,0,0,1,0,1,0,0
833,0,1.0,0.2837396330736366,0.0,0.0,0.015330377421392339,0,0,1,0,0,0,0,0,0,0,1,0,0,0,1
834,0,1.0,0.22090977632570996,0.0,0.0,0.016200521071217493,0,0,1,0,0,0,0,0,0,0,1,0,0,0,1
835,1,0.0,0.4847951746670017,0.125,0.16666666666666666,0.16231419173453318,0,1,0,0,0,0,0,1,0,0,0,0,1,0,0
836,0,1.0,0.2586076903744659,0.0,0.0,0.016908073949327893,0,0,1,0,0,0,0,0,0,0,1,0,0,0,1
837,0,1.0,0.36792055349407915,0.0,0.0,0.015712553569072387,0,0,1,0,0,0,0,0,0,0,1,0,0,0,1
838,1,1.0,0.39683337521990447,0.0,0.0,0.11027245763075773,0,0,1,0,0,0,0,0,0,0,1,0,0,0,1
839,1,0.0,0.36792055349407915,0.0,0.0,0.057970539254838485,0,0,1,0,0,1,0,0,0,0,0,0,1,0,0
840,0,1.0,0.24604171902488062,0.0,0.0,0.015468569817999833,0,0,1,0,0,0,0,0,0,0,1,0,0,0,1
841,0,0.5,0.19577783362653933,0.0,0.0,0.020494635090094415,0,0,1,0,0,0,0,0,0,0,1,0,0,0,1
842,1,0.0,0.37170143252073384,0.0,0.0,0.060507970265993034,0,1,0,0,0,0,0,0,0,0,1,0,1,0,0
843,0,1.0,0.4282483035938678,0.0,0.0,0.012565163180236457,0,0,1,0,0,0,0,0,0,0,1,0,1,0,0
844,0,1.0,0.20834380497612465,0.0,0.0,0.016908073949327893,0,0,1,0,0,0,0,0,0,0,1,0,0,0,1
845,0,1.0,0.5224930887157577,0.0,0.0,0.014736618564782174,0,0,1,0,0,0,0,0,0,0,1,0,0,0,1
846,0,1.0,0.36792055349407915,1.0,0.3333333333333333,0.13575255909676823,0,0,1,0,0,0,0,0,0,0,1,0,0,0,1
847,0,1.0,0.43453128926866047,0.0,0.0,0.015411575213749284,0,0,1,0,0,0,0,0,0,0,1,0,1,0,0
848,0,0.5,0.3465694898215632,0.0,0.16666666666666666,0.06441171028315387,1,0,1,0,0,0,0,0,0,0,1,0,0,0,1
849,1,0.0,0.36792055349407915,0.125,0.0,0.17391981561855152,0,1,0,0,0,1,0,0,0,0,0,0,1,0,0
850,0,1.0,0.04498617743151546,0.5,0.3333333333333333,0.06104473451835265,1,0,1,0,0,0,0,0,0,0,1,0,0,0,1
851,0,1.0,0.9246041719024881,0.0,0.0,0.015175789316712771,0,0,1,0,0,0,0,0,0,0,1,0,0,0,1
852,0,1.0,0.10781603417944208,0.125,0.16666666666666666,0.029757819776815374,0,1,0,0,0,0,0,0,0,0,1,0,1,0,0
853,1,0.0,0.19577783362653933,0.0,0.16666666666666666,0.07690367833806856,0,1,0,0,0,0,1,0,0,0,0,0,0,0,1
854,0,0.5,0.5476250314149284,0.125,0.0,0.050748620223090936,0,1,0,0,0,0,0,0,0,0,1,0,0,0,1
855,1,1.0,0.22090977632570996,0.0,0.16666666666666666,0.01824998458022693,0,1,0,0,0,0,0,0,0,0,1,0,0,0,1
856,1,0.0,0.5601910027645137,0.125,0.16666666666666666,0.32179836714362564,0,1,0,0,0,0,0,0,0,0,1,0,0,0,1
857,1,0.0,0.6355868308620256,0.0,0.0,0.051822148727810165,0,0,1,0,0,0,0,1,0,0,0,0,0,0,1
858,1,1.0,0.2963056044232219,0.0,0.5,0.03758969818624431,0,1,0,0,0,0,0,0,0,0,1,0,1,0,0
859,0,1.0,0.36792055349407915,0.0,0.0,0.014110458666029575,0,0,1,0,0,0,0,0,0,0,1,0,1,0,0
860,0,1.0,0.5099271173661724,0.25,0.0,0.027537567642055148,0,0,1,0,0,0,0,0,0,0,1,0,0,0,1
861,0,0.5,0.2586076903744659,0.125,0.0,0.022446505098674834,0,0,1,0,0,0,0,0,0,0,1,0,0,0,1
862,1,0.0,0.5978889168132696,0.0,0.0,0.050610427826483444,0,1,0,0,0,0,1,0,0,0,0,0,0,0,1
863,0,1.0,0.36792055349407915,1.0,0.3333333333333333,0.13575255909676823,0,1,0,0,0,0,0,0,0,0,1,0,0,0,1
864,0,0.5,0.2963056044232219,0.0,0.0,0.025374310111545468,0,0,1,0,0,0,0,0,0,0,1,0,0,0,1
865,1,0.5,0.5224930887157577,0.0,0.0,0.025374310111545468,0,1,0,0,0,0,0,0,0,0,1,0,0,0,1
866,1,0.5,0.33400351847197784,0.125,0.0,0.027049600139910042,0,1,0,0,0,0,0,0,0,0,1,0,1,0,0
867,0,0.0,0.38426740387031916,0.0,0.0,0.09856123757927521,0,0,1,1,0,0,0,0,0,0,0,0,0,0,1
868,0,1.0,0.36792055349407915,0.0,0.0,0.018542765081513996,0,0,1,0,0,0,0,0,0,0,1,0,0,0,1
869,1,1.0,0.04498617743151546,0.125,0.16666666666666666,0.021730754366528396,1,0,1,0,0,0,0,0,0,0,1,0,0,0,1
870,0,1.0,0.32143754712239253,0.0,0.0,0.015411575213749284,0,0,1,0,0,0,0,0,0,0,1,0,0,0,1
871,1,0.0,0.5853229454636844,0.125,0.16666666666666666,0.10257896680493714,0,1,0,0,0,0,1,0,0,0,0,0,0,0,1
872,0,0.0,0.4093993465694898,0.0,0.0,0.009759350042902102,0,0,1,0,1,0,0,0,0,0,0,0,0,0,1
873,0,1.0,0.5853229454636844,0.0,0.0,0.017566830077223785,0,0,1,0,0,0,0,0,0,0,1,0,0,0,1
874,1,0.5,0.3465694898215632,0.125,0.0,0.04684488020593009,0,1,0,0,0,0,0,0,0,0,1,0,1,0,0
875,1,1.0,0.18321186227695402,0.0,0.0,0.014102260811993537,0,1,0,0,0,0,0,0,0,0,1,0,1,0,0
876,0,1.0,0.24604171902488062,0.0,0.0,0.019217721730481106,0,0,1,0,0,0,0,0,0,0,1,0,0,0,1
877,0,1.0,0.23347574767529528,0.0,0.0,0.015411575213749284,0,0,1,0,0,0,0,0,0,0,1,0,0,0,1
878,0,1.0,0.36792055349407915,0.0,0.0,0.015411575213749284,0,0,1,0,0,0,0,0,0,0,1,0,0,0,1
879,1,0.0,0.6984166876099522,0.0,0.16666666666666666,0.16231419173453318,0,1,0,0,0,1,0,0,0,0,0,0,1,0,0
880,1,0.5,0.3088715757728072,0.0,0.16666666666666666,0.050748620223090936,0,1,0,0,0,0,0,0,0,0,1,0,0,0,1
881,0,1.0,0.4093993465694898,0.0,0.0,0.015411575213749284,0,0,1,0,0,0,0,0,0,0,1,0,0,0,1
882,0,1.0,0.2711736617240513,0.0,0.0,0.02052723131923771,0,1,0,0,0,0,0,0,0,0,1,0,0,0,1
883,0,0.5,0.3465694898215632,0.0,0.0,0.020494635090094415,0,0,1,0,0,0,0,0,0,0,1,0,0,0,1
884,0,1.0,0.3088715757728072,0.0,0.0,0.013760683560491965,0,0,1,0,0,0,0,0,0,0,1,0,0,0,1
885,0,1.0,0.4847951746670017,0.0,0.8333333333333334,0.056848213999904744,0,1,0,0,0,0,0,0,0,0,1,0,0,1,0
886,0,0.5,0.33400351847197784,0.0,0.0,0.025374310111545468,1,0,1,0,0,0,0,0,0,0,1,0,0,0,1
887,1,0.0,0.23347574767529528,0.0,0.0,0.05855610025741261,0,1,0,0,1,0,0,0,0,0,0,0,0,0,1
888,0,1.0,0.36792055349407915,0.125,0.3333333333333333,0.04577135170121086,0,1,0,0,0,0,0,0,0,0,1,0,0,0,1
889,1,0.0,0.32143754712239253,0.0,0.0,0.05855610025741261,0,0,1,0,0,1,0,0,0,0,0,0,1,0,0
890,0,1.0,0.39683337521990447,0.0,0.0,0.015126992566498259,0,0,1,0,0,0,0,0,0,0,1,0,0,1,0
